id,???,???_???,??,name_key,kcal_100g,protein_g_100g,fat_g_100g,carb_g_100g,sugar_g_100g,synonyms
gamjaryu-mic-jeonbunryu-gamja,??? ? ???,??,?,??? ? ???/??/?,79,2.07,0.09,17.57,0,"??, ??, ??, ??, ??, ???, ??, ??, ??, ??, ??, ???, ??, ??, ??, ??, ??, ???, ??, ??, ??, ??, ??, ???, ??, ????, ??, ??, ????, ???, ??, ??, ??, ??, ??, ??, ??, ??, ????, ??, ??, ??, ????, ???, ??, ??, ??, ??, ????, ?? ??, ???, ???, ?? ??, ???, ???, ??, ????, ?? ???"
gamjaryu-mic-jeonbunryu-gamja-twigim,??? ? ???,?? (??),??,??? ? ???/??/??,293,3.54,11.3,44.16,0.19,"?? ??, ???, ?? ??, ?????, ???"
gamjaryu-mic-jeonbunryu-goguma,??? ? ???,???,?,??? ? ???/???/?,157,1.01,0.15,37.91,9.83,"???, ??, ???, ??(?) ???, ??, ???, ??(??) ???, ??, ???, ?????, ??, ???, ???, ??, ???, ???, ??, ???, ???, ??, ???, ???, ??, ???, ???, ??, ???, ??, ???, ??(?) ???, ??, ???, ??(??) ???, ??, ???, ???, ???, ??(?) ???, ???, ???, ??(??) ???, ???, ???, ???, ???, ??????, ???"
gamjaryu-mic-jeonbunryu-dangmyeon,??? ? ???,??,?,??? ? ???/??/?,154,0.12,0.04,37.95,0,"??, ???, ???, ??, ???, ???, ??, ???, ??, ???, ??, ????, ???, ??, ????, ???, ??, ???, ??, ??, ???, ???"
gamjaryu-mic-jeonbunryu-ma,??? ? ???,?,?,??? ? ???/?/?,49,1.47,0.25,10.51,2.47,"?, ??, ??, ?, ???, ??, ?, ??, ??, ?, ??, ???"
gamjaryu-mic-jeonbunryu-apioseugamja,??? ? ???,??????,?,??? ? ???/??????/?,175,6.1,0.5,38.2,,"??????, ??"
gamjaryu-mic-jeonbunryu-yakon,??? ? ???,??,?,??? ? ???/??/?,52,0.6,0.3,12.4,0.5,"??, ??, ??, ??, ??, ???"
gamjaryu-mic-jeonbunryu-olbanggaemug,??? ? ???,????,?,??? ? ???/????/?,44,0.05,0.04,10.91,0,????
gamjaryu-mic-jeonbunryu-jeonbun-garu,??? ? ???,?? (??),??,??? ? ???/??/??,356,0.2,0.2,85.85,0.01,"??, ??, ??, ??, ???, ??, ??, ?, ??, ??, ?, ??, ??, ???, ??, ??, ???, ?, ??, ??, ???, ??"
gamjaryu-mic-jeonbunryu-ceonma,??? ? ???,??,?,??? ? ???/??/?,79,1,0,18.9,,"??, ??, ??, ??"
gamjaryu-mic-jeonbunryu-cilg,??? ? ???,?,?,??? ? ???/?/?,137,2.48,0.1,32.05,3.58,"?, ??, ??"
gamjaryu-mic-jeonbunryu-cilgjeub,??? ? ???,??,?,??? ? ???/??/?,21,0.44,0,4.91,1.51,??
gamjaryu-mic-jeonbunryu-toran,??? ? ???,??,?,??? ? ???/??/?,73,2.17,0.17,16.28,0,"??, ??, ??, ???, ??, ??"
gamjaryu-mic-jeonbunryu-hikama-yambin,??? ? ???,???(??),?,??? ? ???/???(??)/?,44.5,0.535,0.06,10.51,3.76,"???(??), ??, ???(??), ???"
gyeongwaryu-mic-jongsilryu-gaeam,??? ? ???,??,?,??? ? ???/??/?,637,14.99,61.575,17.15,4.615,"??, ????, ???, ??, ????, ???"
gyeongwaryu-mic-jongsilryu-dotori,??? ? ???,???,?,??? ? ???/???/?,230,4.4,3,46.7,,"???, ??, ???, ??, ???"
gyeongwaryu-mic-jongsilryu-dotori-garu,??? ? ???,??? (??),??,??? ? ???/???/??,348,3.3,1.6,79.5,,"???, ??, ???, ??, ?????, ???, ??, ??????"
gyeongwaryu-mic-jongsilryu-dotorimug,??? ? ???,????,?,??? ? ???/????/?,47,0.33,0.11,11.23,0,????
gyeongwaryu-mic-jongsilryu-dotorimug-garu,??? ? ???,???? (??),??,??? ? ???/????/??,366,1.7,1.23,87.09,0.01,"????, ??"
gyeongwaryu-mic-jongsilryu-deulggae,??? ? ???,??,?,??? ? ???/??/?,530,22.68,39.74,29.26,1.46,"??, ???, ??, ???"
gyeongwaryu-mic-jongsilryu-ddangkong,??? ? ???,??,?,??? ? ???/??/?,564,22.4,46.3,24.2,,"??, ???, ??, ???, ???, ??, ???, ???, ??, ???, ???, ??, ???, ???, ??, ???, ????, ??, ???, ??, ??, ???"
gyeongwaryu-mic-jongsilryu-ddangkong-garu,??? ? ???,?? (??),??,??? ? ???/??/??,560,28.43,43.11,24.62,6.26,"??, ??"
gyeongwaryu-mic-jongsilryu-ddaejug,??? ? ???,??,?,??? ? ???/??/?,551,13.6,44.7,31.8,,"??, ???"
gyeongwaryu-mic-jongsilryu-mareum,??? ? ???,??,?,??? ? ???/??/?,183,5.8,0.5,40.6,1.6,"??, ??"
gyeongwaryu-mic-jongsilryu-makadamia,??? ? ???,?????,?,??? ? ???/?????/?,751,8.3,76.7,12.2,,"?????, ??, ???"
gyeongwaryu-mic-jongsilryu-meorussi,??? ? ???,???,?,??? ? ???/???/?,282,6.3,4.8,54,,"???, ??"
gyeongwaryu-mic-jongsilryu-moghwassi,??? ? ???,???,?,??? ? ???/???/?,506,32.59,36.29,21.9,,"???, ???"
gyeongwaryu-mic-jongsilryu-bam,??? ? ???,?,?,??? ? ???/?/?,161.5,3.2,0.92,35.095,6.81,"?, ??, ?, ??, ??, ?, ??, ??, ?, ???, ?, ??, ???, ?, ??, ???, ?, ???, ?, ??, ???, ?, ??, ???, ?, ???, ?, ???, ????"
gyeongwaryu-mic-jongsilryu-bam-tongjorim,??? ? ???,? (???),???,??? ? ???/?/???,214,0.76,0.19,52.39,34.55,"?, ???"
gyeongwaryu-mic-jongsilryu-beurajilneoteu,??? ? ???,?????,?,??? ? ???/?????/?,659,14.32,67.1,11.74,2.33,"?????, ???, ?????, ??, ???"
gyeongwaryu-mic-jongsilryu-samssi-daemassi,??? ? ???,??(???),?,??? ? ???/??(???)/?,450,29.9,28.3,31.7,2.3,"??(???), ???"
gyeongwaryu-mic-jongsilryu-subagssi,??? ? ???,???,?,??? ? ???/???/?,528,29.6,46.4,13.4,2,"???, ???, ???, ??, ???"
gyeongwaryu-mic-jongsilryu-amassi,??? ? ???,???,?,??? ? ???/???/?,540,21.8,43.3,30.4,0.9,"???, ???"
gyeongwaryu-mic-jongsilryu-amondeu,??? ? ???,???,?,??? ? ???/???/?,581,23.44,49.96,20.09,6.82,"???, ???, ???, ???, ???, ??, ???"
gyeongwaryu-mic-jongsilryu-yeonssi,??? ? ???,??,?,??? ? ???/??/?,81,5.9,0.5,14.9,,"??, ??"
gyeongwaryu-mic-jongsilryu-eunhaeng,??? ? ???,??,?,??? ? ???/??/?,203,4.69,1.53,42.78,2.95,"??, ??, ??, ???, ??, ???"
gyeongwaryu-mic-jongsilryu-jas,??? ? ???,?,?,??? ? ???/?/?,658,16.62,65.69,12.5,2.02,"?, ??, ?, ???"
gyeongwaryu-mic-jongsilryu-jasdubu,??? ? ???,???,?,??? ? ???/???/?,78,7.5,4.3,4,,???
gyeongwaryu-mic-jongsilryu-jasjug,??? ? ???,??,?,??? ? ???/??/?,64,1.45,3.06,7.9,0.12,??
gyeongwaryu-mic-jongsilryu-camggae,??? ? ???,??,?,??? ? ???/??/?,549,20.85,44.12,26.45,0,"??, ???, ???, ??, ???, ???, ??, ??, ???, ??, ??, ???, ?? ??, ???"
gyeongwaryu-mic-jongsilryu-camggaejug,??? ? ???,???,?,??? ? ???/???/?,38,1,1.2,5.9,,???
gyeongwaryu-mic-jongsilryu-ciassi,??? ? ???,???,?,??? ? ???/???/?,486,16.54,30.74,42.12,,"???, ???"
gyeongwaryu-mic-jongsilryu-kaesyuneoteu,??? ? ???,????,?,??? ? ???/????/?,581,16.84,47.77,30.16,5.01,"????, ??, ???"
gyeongwaryu-mic-jongsilryu-kokoneos,??? ? ???,???,?,??? ? ???/???/?,660,6.88,64.53,23.65,7.35,"???, ???, ???, ???, ???, ?????"
gyeongwaryu-mic-jongsilryu-kokoneossu,??? ? ???,????,?,??? ? ???/????/?,19,0.72,0.2,3.71,2.61,????
gyeongwaryu-mic-jongsilryu-piseutacio,??? ? ???,?????,?,??? ? ???/?????/?,583,22.9,48.22,24.66,5.95,"?????, ???, ?????, ???, ?????, ??, ???"
gyeongwaryu-mic-jongsilryu-pikan,??? ? ???,??,?,??? ? ???/??/?,710,9.5,74.27,13.55,4.06,"??, ???, ??, ??, ???"
gyeongwaryu-mic-jongsilryu-haebaragissi,??? ? ???,?????,?,??? ? ???/?????/?,589,21.93,52.26,18.58,2.68,"?????, ???, ?????, ???, ?????, ??, ???"
gyeongwaryu-mic-jongsilryu-hodu,??? ? ???,??,?,??? ? ???/??/?,688,15.47,71.99,7.92,0,"??, ???, ??, ???"
gyeongwaryu-mic-jongsilryu-hobagssi,??? ? ???,???,?,??? ? ???/???/?,548,35.35,48.18,5.34,0,"???, ???, ???, ??, ???"
gogryu-mic-geu-jepum-gwaja,?? ? ? ??,??,?,?? ? ? ??/??/?,497,6.08,22.23,68.24,14.69,"??, ??, ??, ?????, ??, ????, ??, ??, ?, ??, ???, ??, ??? ???, ??, ???, ???, ??, ???, ??, ??, ???, ?? ??, ??, ??, ????, ??, ??, ??, ??, ??, ??, ??, ??, ???, ??, ??, ??, ??, ?, ??, ??, ??, ??, ???, ??, ????, ??, ??, ????, ??, ??, ??, ??, ??, ???, ??, ??, ??, ??, ???, ??, ???, ????, ??, ???, ??, ??, ???, ????"
gogryu-mic-geu-jepum-gugsu,?? ? ? ??,??,?,?? ? ? ??/??/?,291,7.25,0.87,60.09,7.39,"??, ??, ??, ???, ??, ???, ???, ??, ??, ???, ??, ??, ???, ???, ??, ??, ???, ??, ??, ???, ???"
gogryu-mic-geu-jepum-gwiri,?? ? ? ??,??,?,?? ? ? ??/??/?,388,11.14,8.9,66.66,0.91,"??, ???, ??, ??, ??, ???, ??, ??, ??, ??, ???, ??, ??, ??"
gogryu-mic-geu-jepum-gwiri-bab,?? ? ? ??,?? (?),?,?? ? ? ??/??/?,218,6.51,5.36,36.53,0.42,"??, ???, ??, ?, ??, ???, ??, ?, ??, ???, ??, ??, ?, ??, ???, ??, ??, ?"
gogryu-mic-geu-jepum-gijang,?? ? ? ??,??,?,?? ? ? ??/??/?,373,13.41,4.03,69.78,0.61,"??, ??, ??, ??, ???, ??, ??, ??, ???, ???, ??, ??, ??, ???, ???, ??, ??, ??, ???, ???, ??, ??"
gogryu-mic-geu-jepum-gijang-bab,?? ? ? ??,?? (?),?,?? ? ? ??/??/?,136,4.76,1.24,25.99,0.22,"??, ???, ??, ?"
gogryu-mic-geu-jepum-nurungji,?? ? ? ??,???,?,?? ? ? ??/???/?,53,1.03,0.27,11.06,0,"???, ???, ???, ???, ???, ??, ???, ???, ??"
gogryu-mic-geu-jepum-dasig,?? ? ? ??,??,?,?? ? ? ??/??/?,352,5.99,1.5,78.61,52.74,"??, ???, ??, ??"
gogryu-mic-geu-jepum-ramyeon,?? ? ? ??,??,?,?? ? ? ??/??/?,182,3.7,4.91,30.66,0.31,"??, ???, ??, ???, ???, ??, ????, ???, ??, ????, ???, ???"
gogryu-mic-geu-jepum-makaroni,?? ? ? ??,????,?,?? ? ? ??/????/?,380,12.98,1.53,74.13,2.05,"????, ???, ????, ???, ???"
gogryu-mic-geu-jepum-memil,?? ? ? ??,??,?,?? ? ? ??/??/?,291,7.59,0.96,61.14,0,"??, ??, ??, ?? ??, ??, ?? ??, ??, ???, ?? ??, ???, ?? ??, ???, ???, ?? ??, ???, ?? ??, ???, ???"
gogryu-mic-geu-jepum-memil-garu,?? ? ? ??,?? (??),??,?? ? ? ??/??/??,374,12.96,3.29,71.36,0.3,"??, ??, ??"
gogryu-mic-geu-jepum-memilmug,?? ? ? ??,???,?,?? ? ? ??/???/?,54,1.11,0.41,11.77,0,???
gogryu-mic-geu-jepum-memilmug-garu,?? ? ? ??,??? (??),??,?? ? ? ??/???/??,371,8.33,2.04,77.4,0,"???, ??"
gogryu-mic-geu-jepum-mebssal,?? ? ? ??,??,?,?? ? ? ??/??/?,363,6.985,2.19,77.245,0.905,"??, ???, ??, ??, ??, ??, ??, ??, ?????, ??, ??, ??, ???2?, ??, ??, ??, ???3?, ??, ??, ??, ??1?, ??, ??, ??, ??, ??, ??, ??, ???, ??, ??, ??, ??, ??, ??, ??, ???2, ??, ??, ??, ???, ??, ??, ??, ??, ??, ??, ??, ???, ??, ??, ??, ???, ??, ??, ??, ??, ??, ??, ??, ??, ??, ??, ??, ???, ??, ??, ??, ???, ???, ??, ??, ??, ???, ??, ??, ??, ????, ??, ??, ??, ??, ??, ??, ??, ??, ??, ??, ??, ??, ??, ??, ??, ???, ??, ??, ??, ??, ??, ??, ??, ???, ??, ??, ??, ??, ??, ??, ??, ??, ??, ??, ??, ???, ??, ??, ??, ???, ??, ??, ??, ????, ??, ??, ??, ???, ??, ??, ??, ???4?, ??, ??, ??, ???, ??, ??, ??, ??, ??, ??, ??, ??, ??, ??, ??, ???, ??, ??, ??, ??, ??, ??, ??, ?????, ??, ??, ??, ??, ??, ??, ??, ??, ??, ??, ??, ??, ??, ??, ??, ??, ???, ??, ????, ??, ??, ????, ???1?, ??, ??, ????, ??, ??, ??, ????, ??, ??, ??, ?"
gogryu-mic-geu-jepum-mebssal-garu,?? ? ? ??,?? (??),??,?? ? ? ??/??/??,378,7.24,1.07,81.07,0.22,"??, ??, ??"
gogryu-mic-geu-jepum-mebssal-bab,?? ? ? ??,?? (?),?,?? ? ? ??/??/?,157.5,2.875,0.5,35.15,0.26,"??, ??, ?, ??, ??, ?????, ?, ??, ??, ???1?, ?, ??, ??, ??, ?, ??, ??, ??, ?, ??, ??, ???, ?, ??, ??, ???, ?, ??, ??, ??, ?, ??, ??, ???, ?, ??, ??, ???, ???, ?, ??, ??, ??, ?, ??, ??, ???, ?, ??, ??, ???, ?, ??, ????, ?, ??, ????, ???1?, ?, ??, ????, ??, ?, ??, ??, ?, ??, ??, ???1?, ?, ??, ??, ??, ?, ??, ??, ??, ?, ??, ??, ???, ?, ??, ??, ???, ?, ??, ??, ??, ?, ??, ??, ????, ?, ??, ??, ???, ?"
gogryu-mic-geu-jepum-mebssal-jug,?? ? ? ??,?? (?),?,?? ? ? ??/??/?,53,0.99,0.15,11.45,0,"??, ??, ?, ??, ??, ??, ?, ??, ??, ???, ?, ??, ??, ???, ?, ??, ??, ??, ?, ??, ????, ?, ??, ??, ?"
gogryu-mic-geu-jepum-mebssalddeog,?? ? ? ??,???,?,?? ? ? ??/???/?,206,5.32,0.81,44.3,7.62,"???, ???, ???, ???, ??, ???, ???, ??, ???, ???(???), ???, ??, ???, ????, ???, ???, ???, ???, ???, ???, ??, ???, ???, ??, ?, ???, ??, ?, ???, ??, ?, ???, ?????, ??, ???, ?????, ??(???), ???, ?????, ??(???), ???, ???, ?, ???, ??, ???, ??, ?, ???, ??"
gogryu-mic-geu-jepum-mebssalbab,?? ? ? ??,???,?,?? ? ? ??/???/?,373,5.2,0.1,83.7,,"???, ?? ???"
gogryu-mic-geu-jepum-misusgaru,?? ? ? ??,????,?,?? ? ? ??/????/?,412,14.36,5.3,76.69,1.16,"????, ????"
gogryu-mic-geu-jepum-mil,?? ? ? ??,?,?,?? ? ? ??/?/?,333,10.6,1,75.8,,"?, ??, ??, ?, ??, ??, ??, ?, ???, ??, ??, ?, ??, ??, ??, ?, ??, ??, ?, ???, ??, ?, ?????, ?, ????, ?, ?????, ?, ????, ?, ???, ?, ?????, ?, ????, ?, ????, ?, ??????"
gogryu-mic-geu-jepum-milddeog,?? ? ? ??,??,?,?? ? ? ??/??/?,227,5.49,1.11,46.15,3.11,??
gogryu-mic-geu-jepum-bori,?? ? ? ??,??,?,?? ? ? ??/??/?,342,8.815,1.66,75.06,0.505,"??, ???, ??, ??, ??, ???, ????1?, ??, ??, ??, ???, ????, ??, ??, ??, ???, ???, ??, ??, ??, ???, ??, ??, ??, ???, ????1?, ??, ??, ??, ???, ????, ??, ??, ??, ???, ??, ??, ???, ??, ??, ????, ??8?, ??, ??, ??, ???, ??, ??, ??, ???, ???, ??, ??, ??, ???, ??, ??, ??, ??, ???, ???, ??, ??, ??, ???, ???, ???, ??, ??, ??, ???, ???, ??, ??, ???"
gogryu-mic-geu-jepum-bori-garu,?? ? ? ??,?? (??),??,?? ? ? ??/??/??,360.5,11.055,2.41,76.285,0.15,"??, ??, ??, ??, ?? ??"
gogryu-mic-geu-jepum-bori-bab,?? ? ? ??,?? (?),?,?? ? ? ??/??/?,144,3.565,0.725,31.755,0.08,"??, ???, ?, ??, ???, ????1?, ?, ??, ???, ????, ?, ??, ???, ?, ??, ???, ???, ?, ??, ???, ??, ?"
gogryu-mic-geu-jepum-bbang,?? ? ? ??,?,?,?? ? ? ??/?/?,282,,,,,"?, ????, ?, ???, ?, ???, ?, ?, ?, ??, ?, ?, ??, ?, ?, ???, ?, ?, ???, ??, ?, ??, ???, ?, ??, ??, ?, ???, ?, ??, ?, ??, ??, ?, ??, ????, ?, ??, ??, ?, ???, ?, ???, ?, ???, ?, ???, ?, ???, ?, ?, ????, ?, ??, ?? ??, ?, ??, ??? ??, ?, ??, ??? ??, ???, ?, ??, ?, ?, ??, ???, ?, ??, ??, ?, ????, ?, ??, ?, ??, ???, ?, ??, ?, ?, ??, ???? ??, ?, ??, ?, ??, ???, ??? ??, ?, ??, ??, ?, ??, ?, ??? ??, ?, ??, ?, ?, ??, ??, ?, ????, ?, ????, ?, ???, ??, ?, ???, ?, ??, ?, ?????, ?, ?????, ??, ?, ?????, ??, ?, ????, ?, ????, ?, ???"
gogryu-mic-geu-jepum-susu,?? ? ? ??,??,?,?? ? ? ??/??/?,376,11.35,3.34,73.83,0.57,"??, ??, ??, ??, ???, ??, ??, ??, ???, ???, ??, ??, ??, ???, ???, ??, ??, ??, ???, ??"
gogryu-mic-geu-jepum-susu-bab,?? ? ? ??,?? (?),?,?? ? ? ??/??/?,153,4.49,1.26,30.36,0.25,"??, ???, ??, ?"
gogryu-mic-geu-jepum-susuddeog,?? ? ? ??,???,?,?? ? ? ??/???/?,224,5.04,0.89,49,7.99,"???, ????"
gogryu-mic-geu-jepum-sujebimyeon,?? ? ? ??,????,?,?? ? ? ??/????/?,270,6.49,0.82,55.98,2.68,"????, ??, ??, ????, ??, ??, ???"
gogryu-mic-geu-jepum-seupagetimyeon,?? ? ? ??,?????,?,?? ? ? ??/?????/?,380,12.64,1.47,74.52,2.05,"?????, ???, ?????, ???, ???"
gogryu-mic-geu-jepum-sirieol,?? ? ? ??,???,?,?? ? ? ??/???/?,395,6.08,3.65,85.33,35.14,"???, ?, ???, ???, ???, ???, ????, ????, ???, ???, ????, ???, ???, ???, ???, ???, ???, ???, ???, ??"
gogryu-mic-geu-jepum-amaranseu,?? ? ? ??,????,?,?? ? ? ??/????/?,382,16.78,5.86,67.43,1.68,"????, ???, ???, ????, ???, ???"
gogryu-mic-geu-jepum-egeunudeul,?? ? ? ??,????,?,?? ? ? ??/????/?,116,4.29,1.02,21.1,0.14,"????, ???, ????, ???, ???"
gogryu-mic-geu-jepum-oteumil-oteumil,?? ? ? ??,??? (???),???,?? ? ? ??/???/???,382,13.2,8.2,64.9,,"??, ???"
gogryu-mic-geu-jepum-ogsusu,?? ? ? ??,???,?,?? ? ? ??/???/?,173,5.11,2.19,34.89,0.29,"???, ????, ??, ???, ????, ???, ??, ???, ????, ???1?, ??, ???, ????, ??3?, ??, ???, ????, ???, ???, ????, ???, ???, ???, ????, ???1?, ???, ???, ????, ??3?, ???, ???, ????, ??, ???, ????, ??, ???, ????, ???, ???, ????, ???, ???, ????, ???, ???, ????, ???, ???, ???, ????, ???, ???, ???, ????, ???, ???, ???, ????, ???, ???, ???, ????, ???, ???, ???, ????, ???, ???, ???, ????, ???, ???, ???, ????, ???, ???, ???, ????, ???, ???, ???, ????, ???, ???, ???, ????, ???, ???, ???, ????, ???, ???, ???, ????, ???, ???, ???, ????, ???, ???, ???, ????, ??, ???, ????, ??, ??, ???, ????, ???, ??, ???, ????, ??4?, ??, ???, ????, ????, ??, ???, ????, ???, ???, ????, ??, ???, ???, ????, ???, ???, ???, ????, ??4?, ???, ???, ????, ????, ???, ???, ????, ??, ???, ????, ???, ??? ??, ???, ??? ??, ??, ????? ??, ??? ?"
gogryu-mic-geu-jepum-ogsusu-garu,?? ? ? ??,??? (??),??,?? ? ? ??/???/??,364,7.32,0.97,83.3,0.54,"???, ??"
gogryu-mic-geu-jepum-ogsusu-tongjorim,?? ? ? ??,??? (???),???,?? ? ? ??/???/???,82,1.7,0.5,18.6,,"???, ???, ??, ???, ???, ??"
gogryu-mic-geu-jepum-ogsusumug,?? ? ? ??,????,?,?? ? ? ??/????/?,55,1.1,0,12.6,,????
gogryu-mic-geu-jepum-udongmyeon,?? ? ? ??,???,?,?? ? ? ??/???/?,131,2.85,0.46,27.3,0.27,"???, ??, ???, ??, ???"
gogryu-mic-geu-jepum-yulmu,?? ? ? ??,??,?,?? ? ? ??/??/?,380,14.95,5.25,67.63,0.97,"??, ??, ??"
gogryu-mic-geu-jepum-yulmu-bab,?? ? ? ??,?? (?),?,?? ? ? ??/??/?,172,7.1,2.35,30.34,0.15,"??, ??, ?"
gogryu-mic-geu-jepum-yulmu-jug,?? ? ? ??,?? (?),?,?? ? ? ??/??/?,77,3.26,0.98,13.75,0.1,"??, ?"
gogryu-mic-geu-jepum-jabgog,?? ? ? ??,??,?,?? ? ? ??/??/?,358,9.79,2.09,73.4,0.93,"??, ??, ??, ????, ?? ?, ??"
gogryu-mic-geu-jepum-jo,?? ? ? ??,?,?,?? ? ? ??/?/?,373,11.13,3.91,71.7,0.79,"?, ??, ??, ??, ?, ??, ???, ??, ??, ?, ??, ???, ??, ??, ?, ??, ???, ??, ??, ?, ??, ???, ??, ??, ?, ??, ??, ??, ?, ??, ??, ??, ?, ??, ??1?, ??, ??, ?, ??, ??2?, ??, ??, ?, ??, ???, ??, ??, ?, ??, ???, ??, ??"
gogryu-mic-geu-jepum-jo-bab,?? ? ? ??,? (?),?,?? ? ? ??/?/?,143,4.5,1.53,27.28,0.28,"?, ??, ??, ?"
gogryu-mic-geu-jepum-jungsigmyeon,?? ? ? ??,???,?,?? ? ? ??/???/?,293,7.36,1.06,60.03,1.3,"???, ??, ???, ??, ???"
gogryu-mic-geu-jepum-jeugseogbab,?? ? ? ??,???,?,?? ? ? ??/???/?,151,2.47,0.33,33.675,0.535,"???, ???, ???, ???, ??? ??, ???, ??, ???, ???(??, ??, ??, ?, ??, ???)"
gogryu-mic-geu-jepum-jjolmyeon,?? ? ? ??,??,?,?? ? ? ??/??/?,348,9.16,1.08,71.29,4.5,"??, ???"
gogryu-mic-geu-jepum-cabssal,?? ? ? ??,??,?,?? ? ? ??/??/?,358,7.425,2.385,75.74,1.085,"??, ??, ??, ??, ??, ??, ?? ??, ??, ??, ???, ??, ??, ??, ???, ??, ??, ??, ???, ??, ??, ??, ???, ??, ??, ??, ????, ??, ??, ??, ??, ??, ??, ???, ??, ??, ??, ???, ??, ??, ??, ???, ??, ??, ??, ???, ??, ??, ??, ??, ??, ??, ??, ????1?, ??, ??, ??, ????, ??, ?? ??, ??, ?? ??, ??, ?? ??, ??, ???"
gogryu-mic-geu-jepum-cabssal-garu,?? ? ? ??,?? (??),??,?? ? ? ??/??/??,377,7.56,0.98,80.62,0.41,"??, ??, ??"
gogryu-mic-geu-jepum-cabssal-bab,?? ? ? ??,?? (?),?,?? ? ? ??/??/?,170,3.39,0.62,36.03,0,"??, ??, ?, ?? ??, ??, ??, ???, ?, ??, ??, ???, ?"
gogryu-mic-geu-jepum-cabssal-jug,?? ? ? ??,?? (?),?,?? ? ? ??/??/?,53,0.91,0.28,11.3,0,"??, ??, ???, ?"
gogryu-mic-geu-jepum-cabssalddeog,?? ? ? ??,???,?,?? ? ? ??/???/?,220,4.44,2.32,45.43,10.21,"???, ???, ?? ????, ???, ?? ??, ???, ??, ???, ???, ???, ???, ???, ???, ???, ????"
gogryu-mic-geu-jepum-cabssalbbang,?? ? ? ??,???,?,?? ? ? ??/???/?,325,4.14,8.88,57.02,16.19,"???, ????"
gogryu-mic-geu-jepum-kalgugsumyeon,?? ? ? ??,????,?,?? ? ? ??/????/?,303,7.25,0.87,63.02,1.56,"????, ??, ????, ??, ???, ????, ???, ????, ???, ???"
gogryu-mic-geu-jepum-keikeu,?? ? ? ??,???,?,?? ? ? ??/???/?,408,5.66,20.71,49.65,17.43,"???, ??(???), ???, ? ???, ???, ??? ????, ???, ??? ???, ???, ???? ???, ???, ??? ???, ???, ?? ???, ???, ??? ???, ???, ????"
gogryu-mic-geu-jepum-kwinoa,?? ? ? ??,???,?,?? ? ? ??/???/?,363,9.56,3.26,72.62,1.34,"???, ?? ???"
gogryu-mic-geu-jepum-pi,?? ? ? ??,?,?,?? ? ? ??/?/?,376,8.5,4.6,73.9,,"?, IEC525(NO.5), ??, ??"
gogryu-mic-geu-jepum-homil,?? ? ? ??,??,?,?? ? ? ??/??/?,334,15.9,1.5,70.7,,"??, ???, ??"
gogryu-mic-geu-jepum-homil-garu,?? ? ? ??,?? (??),??,?? ? ? ??/??/??,365,9.4,1.82,78.16,1.24,"??, ??"
gogryu-mic-geu-jepum-homilbbang,?? ? ? ??,???,?,?? ? ? ??/???/?,285,8.47,5.11,51.35,4.78,???
gwailryu-gam,???,?,?,???/?/?,68,0.54,0.05,18.19,13.44,"?, ??, ??, ?, ??, ??, ??, ?, ??, ????, ??, ?, ??, ??, ??, ?, ??, ??, ??, ?, ??, ?, ?, ???, ??, ??, ?, ???, ??, ????(??), ??, ?, ???, ??, ???, ??, ?, ???, ??, ????, ??, ?, ???, ??, ??, ?, ???, ????, ?, ???, ????, ????, ?, ???, ????, ????, ?, ???, ??, ???, ? ??"
gwailryu-gugija,???,???,?,???/???/?,69,4.5,2.04,10.23,7.31,"???, ??, ???, ??"
gwailryu-guseuberi,???,????,?,???/????/?,51,1,0.1,13.2,,"????, ??"
gwailryu-guaba,???,???,?,???/???/?,49.5,0.1,0.1,12.3,,"???, ??, ???, ??, ?? 20%, ??? ??, ?? ??(10%)"
gwailryu-gyul,???,?,?,???/?/?,39.5,0.505,0.115,10.235,8.38,"?, ???, ???, ??, ?, ???, ???, ??, ?, ???, ???, ??, ?, ???, ???, ??, ?, ???, ???, ??, ?, ????, ??, ?, ????, ????, ??, ??, ?, ????, ????, ???, ??, ?, ????, ????, ???, ??, ?, ????, ??1?, ??, ?, ????, ????, ??, ??, ?, ????, ????, ???, ??, ?, ????, ????, ??, ?, ???, ??, ? ??, ? ??, ? ??, ?, ?"
gwailryu-gyul-tongjorim,???,? (???),???,???/?/???,58,0.52,0.17,13.61,10.6,"?, ???"
gwailryu-geumgyul,???,??,?,???/??/?,73,1.19,0.13,18.77,11.77,"??, ??"
gwailryu-ggujibbong,???,???,?,???/???/?,74,1.74,2.16,13.82,9.9,"???, ??, ??"
gwailryu-darae,???,??,?,???/??/?,67,1.6,0.4,16.2,,"??, ??"
gwailryu-daecu,???,??,?,???/??/?,276,3.73,0.25,72.57,59.09,"??, ??, ??, ???"
gwailryu-daecuyaja,???,????,?,???/????/?,281,2.2,0.2,71.3,,"????, ???"
gwailryu-durian,???,???,?,???/???/?,140,2.3,3.3,27.1,,"???, ??"
gwailryu-ddalgi,???,??,?,???/??/?,34,0.75,0.14,8.33,6.14,"??, ??, ??, ??, ??, ??, ??, ??, ??, ????, ??, ??, ???, ??, ?"
gwailryu-rajeuberi,???,????,?,???/????/?,54,1.175,0.73,12.245,5.48,"????, ??, ????, ??"
gwailryu-rambutan-tongjorim,???,??? (???),???,???/???/???,82,0.65,0.21,20.87,,"???, ???"
gwailryu-rongan,???,??,?,???/??/?,60,1.31,0.1,15.14,,"??, ??, ??, ???"
gwailryu-rici,???,??,?,???/??/?,58.5,0.925,0.09,15.435,12.21,"??, ??, ??, ??"
gwailryu-magamog,???,???,?,???/???/?,115,1.3,0.8,25.5,,"??? ??, ??"
gwailryu-manggo,???,??,?,???/??/?,52,0.65,0.2,13.27,11.62,"??, ??, ?? ??, ??, ????, ??"
gwailryu-manggoseutin,???,????,?,???/????/?,71,0.6,0.2,17.5,,"????, ??"
gwailryu-maesil,???,??,?,???/??/?,38,0.95,0.65,8.05,,"??, ??, ??, ??, ??, ??, ???, ??, ??, ??, ??"
gwailryu-maesil-jeolim,???,?? (??),??,???/??/??,216,1.86,0.52,51.08,33.85,"?? ??, ???, ???, ?? ??, ???, ???"
gwailryu-maesilceong,???,???,?,???/???/?,213,0.23,0.18,52.72,44.06,???
gwailryu-meoru,???,??,?,???/??/?,79,1.51,0.94,18.32,7.39,"??, ??, ??? ? ??, ??, ????, ??, ??? ? ??, ??, ????????, ??, ??, ???, ??, ??? ? ??"
gwailryu-melron,???,??,?,???/??/?,38,0.7,0.1,9.6,,"??, ??, ??, ??, ???, ??, ??, ???, ??"
gwailryu-mogwa,???,??,?,???/??/?,78,0.7,0.4,20,,"??, ??"
gwailryu-muhwagwa,???,???,?,???/???/?,47,0.79,0.15,12.12,10.59,"???, ?????, ??, ???, ???, ??, ???, ???, ???, ???, ?????, ???"
gwailryu-muhwagwa-tongjorim,???,??? (???),???,???/???/???,78,0.5,0.1,19.4,,"???, ???"
gwailryu-banana,???,???,?,???/???/?,77,1.11,0.2,20,14.4,"???, ??, ???, ???"
gwailryu-bananacib,???,????,?,???/????/?,517,2.07,25.67,69.32,16.1,"????, ???"
gwailryu-bae,???,?,?,???/?/?,45,0.29,0.04,12.24,8.3,"?, ??, ?, ??, ??, ?, ??, ??, ?, ??, ??, ?, ??, ??, ? ??, ?"
gwailryu-baejeub,???,??,?,???/??/?,38,0.23,0,10.33,8.1,??
gwailryu-baeghyanggwa-paesyeonpeuruteu,???,???(?????),?,???/???(?????)/?,67,0.8,0.4,16.2,,"???(?????), ??, ? ??, ???(?????) ??, ????, ???(?????) ??, ????, ???(?????) ??, ????"
gwailryu-beojji,???,??,?,???/??/?,60,1.7,0.1,14.9,,"??, ??"
gwailryu-boribab,???,???,?,???/???/?,354,18.5,1.3,68.5,,"??? ??, ???"
gwailryu-bogbunja,???,???,?,???/???/?,88,1.52,2.2,17.96,8.06,"???, ??"
gwailryu-bogsunga,???,???,?,???/???/?,49,0.495,0.04,13.065,9.37,"???, ??, ??, ???, ??, ??, ???, ???, ??, ???, ??, ??, ???, ??, ???, ?"
gwailryu-bogsunga-tongjorim,???,??? (???),???,???/???/???,68,0.38,0.05,16.51,14.77,"???, ??, ???, ???, ??, ???, ???, ???, ??, ???, ??, ???, ??, ???, ???, ??, ???, ???, ???, ??, ???, ??"
gwailryu-beulraegberi,???,????,?,???/????/?,43,0.67,1.13,8.69,5.76,"????, ??"
gwailryu-beulraegkeoreonteu,???,?????,?,???/?????/?,63,1.4,0.41,15.38,,"?????, ??"
gwailryu-beulruberi,???,????,?,???/????/?,43,0.5,0.12,11.11,7.86,"????, ??, ????, ???, ????, ??, ????, ?"
gwailryu-beulruberi-tongjorim,???,???? (???),???,???/????/???,88,0.65,0.33,22.06,20.46,"????, ???"
gwailryu-bipa,???,??,?,???/??/?,45,0.29,0.2,11.95,10.8,"??, ??"
gwailryu-bipa-tongjorim,???,?? (???),???,???/??/???,80,0.3,0.1,19.8,,"??, ???"
gwailryu-sagwa,???,??,?,???/??/?,52,0.265,0.07,14.06,10.875,"??, ??, ??, ??, ??, ??, ??, ??, ??, ??, ??, ??, ??, ??, ??, ???, ??, ??, ???, ??, ?? ??, ??, ????, ??, ?, ?? ??, ?? ??"
gwailryu-sagwa-tongjorim,???,?? (???),???,???/??/???,66,0.7,0.3,15.1,,"??, ???"
gwailryu-sanddalgi,???,???,?,???/???/?,55,1.35,0.22,13.55,7.8,"???, ??"
gwailryu-sansuyu,???,???,?,???/???/?,112,0.87,2.82,23.83,10.33,"???, ??, ??, ???, ??, ???"
gwailryu-sanjanamu,???,????,?,???/????/?,70,1,3.8,9.7,,"???? ??(???), ??"
gwailryu-salgu,???,??,?,???/??/?,41,0.2,0.1,9.9,,"??, ??, ??, ???, ??, ??, ??, ?"
gwailryu-salgu-tongjorim,???,?? (???),???,???/??/???,48,0.63,0.04,12.34,10.74,"??, ???"
gwailryu-seogryu,???,??,?,???/??/?,77,0.29,0.2,20.71,9.94,"??, ??"
gwailryu-sogwinamu,???,????,?,???/????/?,24,0.8,0.6,4.6,,"???? ??, ??"
gwailryu-subag,???,??,?,???/??/?,36,0.65,0.05,9.26,5.53,"??, ???, ??, ??, ???, ??"
gwailryu-addemoya,???,????,?,???/????/?,73,1.2,0.1,19,,"????, ??"
gwailryu-aronia,???,????,?,???/????/?,60,0.82,0.21,15.41,4.49,"????, ??, ??, ????, ???, ??"
gwailryu-abokado,???,????,?,???/????/?,160,2,14.66,8.53,0.66,"????, ??"
gwailryu-aserora,???,????,?,???/????/?,42,0.1,0,10.5,,"????, ???, ??, ???? ??, ?? ??(10%)"
gwailryu-aepeulsubag,???,????,?,???/????/?,40,0.94,0.81,8.39,6.23,"????, S-???, ??"
gwailryu-aengdu,???,??,?,???/??/?,61,1.1,0.3,15.2,,"??, ??"
gwailryu-eldeoberi,???,????,?,???/????/?,73,0.66,0.5,18.4,,"????, ??"
gwailryu-odi,???,??,?,???/??/?,54,2.6,0.3,12,,"??, ??, ??, ???, ??"
gwailryu-orenji,???,???,?,???/???/?,47,1.15,0.11,11.86,9.16,"???, ??, ???, ??, ??, ???, ????, ??, ??? ?????, ??? ??, ?, ??? ??, ??? ??"
gwailryu-oryeomja-karambolra,???,???(????),?,???/???(????)/?,30,0.7,0.1,7.5,,"???(????), ??"
gwailryu-omija,???,???,?,???/???/?,81,2.1,3.3,12.8,,"???, ??, ???, ???"
gwailryu-omijaceong,???,????,?,???/????/?,226,0.14,0.26,55.87,50.14,????
gwailryu-olribeu-jeolim,???,??? (??),??,???/???/??,137,1.09,12.36,5.34,0,"??? ??, ??, ???, ??? ??, ??, ???"
gwailryu-yonggwa,???,??,?,???/??/?,44.5,0.95,0.3,10.75,,"??, ???, ??, ??, ???, ??, ??, ???, ??"
gwailryu-yuja,???,??,?,???/??/?,49,0.93,0.09,12.59,4.1,"??, ??, ??, ??, ??, ??, ??, ??, ??"
gwailryu-eureum,???,??,?,???/??/?,158,2,12.9,11.9,,"??, ??"
gwailryu-jadu,???,??,?,???/??/?,32,0.6,,8.4,,"??, ??, ??, ??, ??, ??, ???, ??, ??, ???"
gwailryu-jamong,???,??,?,???/??/?,31.5,0.66,0.05,8.045,5.56,"??, ??, ?? ??, ?? ??"
gwailryu-jaegpeuruteu,???,????,?,???/????/?,95,1.72,0.64,23.25,19.08,"????, ??"
gwailryu-jaegpeuruteu-tongjorim,???,???? (???),???,???/????/???,92,0.36,0.14,23.94,,"????, ???"
gwailryu-camoe,???,??,?,???/??/?,41.5,0.795,0.22,10.32,8.555,"??, ??, ? ??, ??, ??, ? ??"
gwailryu-ceri,???,??,?,???/??/?,57,1.36,0.15,14.35,8.01,"??, ??"
gwailryu-ceri-tongjorim,???,?? (???),???,???/??/???,135.5,0.1,0.01,33.66,22.65,"??, ???, ???, ??, ???, ??"
gwailryu-keuraenberi,???,????,?,???/????/?,46,0.39,0.13,12.2,12.1,"????, ??, ????, ???, ??, ???? ??, ???? ??, ???"
gwailryu-kiwi,???,??,?,???/??/?,66,0.93,0.63,16.08,6.73,"??, ??, ??, ??, ??, ??, ?? ??"
gwailryu-taengja,???,??,?,???/??/?,84,1.3,1.5,18.5,,"??, ??"
gwailryu-painaepeul,???,????,?,???/????/?,53,0.48,0.06,13.61,10.92,"????, ??, ????, ??, ????, ???(?), ????, ??, ???? ??, ???? ??, ?"
gwailryu-painaepeul-tongjorim,???,???? (???),???,???/????/???,77,0.22,0.02,18.995,14.415,"????, ???, ???, ????, ???, ??"
gwailryu-papaya,???,???,?,???/???/?,40,0.7,0.08,10.24,8.78,"???, ??, ??, ???, ??, ??"
gwailryu-podo,???,??,?,???/??/?,58,0.44,0.13,15.18,13.34,"??, ??, ??, ??, ??, ??, ?? ??, ??, ???, ??, ?? ??, ??, ????, ??, ??, ???, ??, ??, ?????, ??, ?? ??, ??, ???????, ??, ??, ???, ??, ??, ?????, ??, ??, ?????, ??, ?? ??, ??, ???, ??, ??, ??, ??, ??, ???, ??, ?? ??, ??, ??, ??, ??, ??, ??, ??, ????, ??, ??, ????, ??, ?? ??, ??, ????, ??, ??? ? ??, ??, ???, ??, ??, ???, ??, ??, ??, ??, ??, ???, ??, ??, ???, ??, ??, ??????, ??, ?? ??, ??, ???, ??, ??, ???, ??, ??, ???????, ??, ??, ???????, ??, ?? ??, ??, ???, ??, ??, ??, ?, ?? ??, ?? ??"
gwailryu-podo-tongjorim,???,?? (???),???,???/??/???,69,0.14,0.02,17.12,14.87,"??, ???"
gwailryu-podojeub,???,???,?,???/???/?,48,0.66,0.01,12.62,9.71,???
gwailryu-peuruteusaelreodeu-tongjorim,???,?????? (???),???,???/??????/???,82,0.2,0.4,19.3,,"??????, ???"
gwailryu-peuruteukagteil-tongjorim,???,?????? (???),???,???/??????/???,75,0.19,0.03,18.52,18.9,"??????, ???"
gwailryu-peuruteupeonci-tongjorim,???,????? (???),???,???/?????/???,48,0,0,11.97,11.29,"?????, ???"
gwailryu-peulreomkoteu,???,????,?,???/????/?,47,0.61,1.05,9.97,7.5,"????, ??"
gita-galsaeg,??,??,?,??/??/?,195,23.19,11,0.83,0.97,"?? ???, ??, ??, ?? ???, ??, ???"
gita-nue,??,??,?,??/??/?,224,22.3,13.3,3.7,,"??, ???, ??, ??, ???, ???"
gita-nue-garu,??,?? (??),??,??/??/??,482,50.85,26.53,10.06,0,"??, ??, ??"
gita-nue-tongjorim,??,?? (???),???,??/??/???,148,14.87,8.37,3.42,0.97,"??, ???, ???"
gita-danbaegjil-garu,??,??? (??),??,??/???/??,396,50,12,22,4,"??? ???, ??, ??? ???, ???, ??"
gita-dalpaengi,??,???,?,??/???/?,90,16.1,1.4,2,0,"???, ??"
gita-dalpaengi-tongjorim,??,??? (???),???,??/???/???,75,16.5,1,0.8,,"???, ???"
gita-meddugi,??,???,?,??/???/?,125,24.29,2.26,1.86,0,"???, ??, ??"
gita-songhwa-garu,??,?? (??),??,??/??/??,392,11.46,2.95,79.79,16.96,"??, ??"
gita-susemi,??,???,?,??/???/?,4,0.8,,0.7,,"???, ??"
gita-insam,??,??,?,??/??/?,88,3.83,0.725,18.54,8.64,"??, ??, ???, ??, ??, ??, ??, ??, ???, ??, ??, ???, ??, ??, ??"
gita-jangsupungdengi,??,?????,?,??/?????/?,502,44.62,27.21,19.55,0,"?????, ??, ???"
gita-cijaggoc,??,???,?,??/???/?,66,1.3,0.1,14.9,,"???, ??"
gita-peuropolriseu,??,?????,?,??/?????/?,642,0.5,50.3,46.9,,?????
gita-hwabun,??,??,?,??/??/?,397,20.8,9.9,56.3,40.34,??
gita-hyinjeombagi,??,????,?,??/????/?,122,15.78,5.2,2.9,0,"???? ???, ??, ??, ???? ???, ??, ???"
nanryu-geowial,??,???,?,??/???/?,190,12.95,13.85,0.9,,"???, ??, ???, ???"
nanryu-gireogial,??,????,?,??/????/?,202.5,12.7,14.4,3.2,,"????, ??, ????, ???"
nanryu-dalgyal,??,??,?,??/??/?,145,12.3,11.7,0.2,,"??, ??, ??, ???, ??, ??, ??, ??, ??, ???, ??, ??, ??, ??, ??, ???, ??, ???, ????, ??, ??(?????), ??, ??, ??, ??, ???????, ??, ???, ??, ??, ???, ??, ??, ??, ???, ??, ??"
nanryu-dalgyal-garu,??,?? (??),??,??/??/??,592,48.05,43.9,1.13,0.56,"??, ??, ??, ??, ??, ??, ??, ??"
nanryu-mecurial,??,????,?,??/????/?,150.5,12.64,9.57,1.665,0,"????, ??, ????, ???, ????, ??, ??, ????, ??, ???, ????, ??, ??, ????, ??, ???"
nanryu-orial,??,???,?,??/???/?,177,13.25,11.86,2.22,0,"???, ??, ???, ???, ???, ??, ??, ???, ??, ???, ???, ??, ??, ???, ??, ???, ???, ??, ???, ????, ??"
dangryu-gwadang,??,??,?,??/??/?,375,,,99.9,,??
dangryu-ggeom,??,?,?,??/?/?,387.5,0,0,,,"?, ???, ?, ?? ?, ?, ???"
dangryu-ggul,??,?,?,??/?/?,313,0.38,0.02,84.83,67.37,"?, ?, ?, ?, ????, ?, ??, ?, ??"
dangryu-dangmil,??,??,?,??/??/?,274,0.2,,68.2,,"??, ???"
dangryu-mulyeos,??,??,?,??/??/?,306,0.02,0,79.19,43.97,??
dangryu-seoltang,??,??,?,??/??/?,386,0.03,0,99.8,99.5,"??, ???, ??, ???, ??, ???, ??, ???, ??, ???, ??, ???"
dangryu-seoltang-garu,??,?? (??),??,??/??/??,389,0,0,99.77,97.81,"??, ??"
dangryu-sireob,??,??,?,??/??/?,260,0.04,0.06,67.04,60.46,"??, ????, ??, ???, ??, ????, ??, ???, ??, ???"
dangryu-yanggaeng,??,??,?,??/??/?,298,3.37,0.14,73.44,41.94,"??, ?"
dangryu-yeos,??,?,?,??/?/?,357,1.22,0.3,92.5,86.42,"?, ?"
dangryu-jelratin-garu,??,??? (??),??,??/???/??,381,7.8,0,90.5,86.04,"???, ????, ??"
dangryu-jelri,??,??,?,??/??/?,344,7.5,0.42,77.53,50,"??, ??"
dangryu-joceong,??,??,?,??/??/?,323,1.7,0.1,86,,"??, ???, ??, ???, ??, ?"
dangryu-cokoba,??,???,?,??/???/?,479,9.36,21.51,61.98,48.03,"???, ?? ???, ???, ?? ???"
dangryu-cokolris,??,???,?,??/???/?,549,7.8,32.54,56.17,46.18,"???, ?? ???, ???, ?? ???, ???, ?? ??? ???, ???, ?? ???, ???, ??? ???, ???, ??? ???, ???, ??? ???"
dangryu-kaereomel,??,???,?,??/???/?,408,3.61,8.3,79.78,56.22,"???, ??"
dangryu-keoseuteodeu,??,????,?,??/????/?,143,0.04,0.87,33.74,18.76,????
dangryu-keoseuteodeu-garu,??,???? (??),??,??/????/??,426,1.06,8.03,87.3,40.5,"????, ??, ????, ??, ?? ???"
dangryu-pododang,??,???,?,??/???/?,342,,,91,,???
dangryu-puding,??,??,?,??/??/?,233,3.4,13.84,23.64,21.55,"??, ??, ???, ??, ????"
duryu-gangnangkong,??,???,?,??/???/?,174,8.8,0.86,32.35,1.65,"???, ??, ???, ???, ???, ???, ???, ???, ???"
duryu-nogdu,??,??,?,??/??/?,158,11.29,0.67,26.66,0,"??, ???, ??, ???, ?? ?????, ??, ?? ??, ???"
duryu-nogdu-garu,??,?? (??),??,??/??/??,347,20.7,1.2,63.4,,"?? ???, ??"
duryu-nogdumug,??,???,?,??/???/?,40,0.12,0.03,9.81,0.02,???
duryu-daedu,??,??,?,??/??/?,407.5,36.015,15.04,32.785,4.94,"??, ???, ???, ???, ??, ???, ???, ???, ??, ???, ???, ???, ??, ???, ??3?, ???, ??, ???, ??3?, ???, ??, ???, ??, ???, ??, ???, ??, ???, ??, ???, ??, ???, ??, ???, ???, ??, ???, ???, ??, ???, ???, ??, ???, ??, ???, ??, ???, ??, ???, ??, ???, ???, ???, ??, ???, ???, ???, ??, ???"
duryu-dongbu,??,??,?,??/??/?,166,9.51,1.02,29.34,0.21,"??, ??, ??, ???, ??, ???, ??, ???, ???, ??, ???, ???"
duryu-dubu,??,??,?,??/??/?,97,9.62,4.63,3.75,0,"??, ??, ???, ????, ??, ???, ??, ???, ??, ??, ??, ??, ??"
duryu-duyu,??,??,?,??/??/?,77,3.4,3.15,8.76,4.54,"??, ??, ??, ???, ??, ???, ????, ??, ???, ?? 0.3%"
duryu-renjeukong-rentilkong,??,???(???),?,??/???(???)/?,366.5,23.11,1.625,63.99,1.75,"???(???), ??, ???, ???(???), ???, ???, ???(???), ???, ???, ???"
duryu-rimakong,??,???,?,??/???/?,306,21.9,1.8,60.8,1.2,"???, ???, ???, ???"
duryu-bamkong,??,??,?,??/??/?,410,35,17.2,30.6,,"??, ??, ???"
duryu-byeongarikong,??,????,?,??/????/?,183,9.18,3.2,29.24,0.71,"????, ???, ????, ???, ???"
duryu-biji,??,??,?,??/??/?,51,4,1.93,4.61,0.5,??
duryu-wandu,??,??,?,??/??/?,174,13.03,1.35,27.06,2.04,"??, ??, ??, ???, ??, ???, ??, ???, ???"
duryu-jagdu-dodu,??,??(??),?,??/??(??)/?,344,26.3,1,57.4,,"??(??), ??, ??(??), ???"
duryu-jamdu,??,??,?,??/??/?,341,26.12,1.53,58.29,5.7,"??, ???, ??, ???"
duryu-jwinunikong-geomjeongsoribkong,??,????(?????),?,??/????(?????)/?,403,37.32,14.61,30.59,5.58,"????(?????), ???, ????(?????), ???, ????(?????), ???"
duryu-kongjorim-kongjaban,??,???(???),?,??/???(???)/?,239,14.11,6.77,30.35,13.92,???(???)
duryu-pat,??,?,?,??/?/?,336.5,21.11,1.055,59.395,0.45,"?, ???, ???, ?, ???, ???, ???, ?, ???, ???, ?, ??, ???, ???, ?, ??, ???, ?, ??, ??, ???, ?, ??, ???, ???, ?, ??, ???, ?, ??, ???, ?, ??, ???, ???, ?, ??, ???, ???, ?, ??, ?, ???? ??"
eopaeryu-mic-geu-jepum-garaji,??? ? ? ??,???,?,??? ? ? ??/???/?,78,14.8,1.3,0.7,,"???, ??"
eopaeryu-mic-geu-jepum-garibi,??? ? ? ??,???,?,??? ? ? ??/???/?,89,17.6,1.9,1.9,,"???, ??, ???, ???, ???, ???(???), ???, ???, ???, ??, ??, ???, ??, ??? ???, ???, ??, ??, ???, ?????, ??, ???, ?????, ??, ???, ????, ??"
eopaeryu-mic-geu-jepum-garibi-tongjorim,??? ? ? ??,??? (???),???,??? ? ? ??/???/???,107,21.6,0.3,4.4,,"???, ???"
eopaeryu-mic-geu-jepum-gamulci,??? ? ? ??,???,?,??? ? ? ??/???/?,86,18.2,0.8,0.3,,"???, ??"
eopaeryu-mic-geu-jepum-gasimangdug,??? ? ? ??,????,?,??? ? ? ??/????/?,101,22.4,0.7,0,,"????, ??"
eopaeryu-mic-geu-jepum-gaori,??? ? ? ??,???,?,??? ? ? ??/???/?,97.5,21.9,0.55,0,,"???, ?????, ??, ???, ?????, ??, ???, ?????, ??, ???, ?????, ??, ???, ???? ???"
eopaeryu-mic-geu-jepum-gajami,??? ? ? ??,???,?,??? ? ? ??/???/?,82,18.2,0.4,0.7,,"???, ??, ???, ?????, ??, ???, ????, ??, ???, ?????, ??, ???, ????, ??, ???, ????, ??, ???, ?????, ??, ???, ????, ??, ???, ?????, ??, ???, ????, ??, ???, ????, ??, ???, ????, ??"
eopaeryu-mic-geu-jepum-gajae,??? ? ? ??,??,?,??? ? ? ??/??/?,84.5,16.435,1.45,0.4,0,"??, ???, ??, ??, ???, ???, ??, ????, ??, ??, ????, ??"
eopaeryu-mic-geu-jepum-gagsisurang,??? ? ? ??,????,?,??? ? ? ??/????/?,70,15,0.3,0.9,,"????, ??"
eopaeryu-mic-geu-jepum-galci,??? ? ? ??,??,?,??? ? ? ??/??/?,121,20,3.9,0,,"??, ??, ??, ???, ??, ??, ????, ??, ??, ??, ??, ??"
eopaeryu-mic-geu-jepum-gangdali,??? ? ? ??,???,?,??? ? ? ??/???/?,109,17,3.9,0.1,,"???, ????, ??, ???, ????, ??"
eopaeryu-mic-geu-jepum-gaebul,??? ? ? ??,??,?,??? ? ? ??/??/?,53,10.5,0.2,1.6,,"??, ??"
eopaeryu-mic-geu-jepum-ge,??? ? ? ??,?,?,??? ? ? ??/?/?,77,16.19,0.7,0.43,0.41,"?, ??, ??, ?, ??, ??, ?, ??, ??, ?, ??, ???, ?, ??, ??, ?, ??, ??, ?, ??, ???, ?, ??, ??? ???, ?, ???, ??, ?, ??, ??, ?, ????, ??, ?, ??, ??, ?, ??, ???, ?, ?????, ??, ?, ??, ??"
eopaeryu-mic-geu-jepum-ge-tongjorim,??? ? ? ??,? (???),???,??? ? ? ??/?/???,69,16.3,0.4,0.2,,"?, ??, ???"
eopaeryu-mic-geu-jepum-gereuci,??? ? ? ??,???,?,??? ? ? ??/???/?,159.5,21.5,7.95,0,,"???, ??, ???, ???"
eopaeryu-mic-geu-jepum-gemassal,??? ? ? ??,???,?,??? ? ? ??/???/?,118.5,7.705,1.105,19.38,3.36,"???, ????? ???, ???, ????? ???, ???, ???, ????? ???"
eopaeryu-mic-geu-jepum-godung,??? ? ? ??,??,?,??? ? ? ??/??/?,104,17.7,1.1,4.5,,"??, ????????, ??, ??, ???????, ??, ??, ??????(?????), ??, ??, ???(????), ??, ??, ????, ??, ??, ?????, ??, ??, ?????, ??, ??, ????, ??, ??, ???????, ??, ??, ????, ??, ??, ????, ???, ??, ????, ??, ??, ???????, ??, ??, ???, ??, ??, ??????, ??, ??, ?????, ??, ??, ????, ??, ??, ????, ??"
eopaeryu-mic-geu-jepum-godeungeo,??? ? ? ??,???,?,??? ? ? ??/???/?,285,20.26,21.23,0,0,"???, ??, ???, ??, ??, ???, ??, ??, ???, ???, ???, ???, ???, ???, ???, ?????"
eopaeryu-mic-geu-jepum-godeungeo-tongjorim,??? ? ? ??,??? (???),???,??? ? ? ??/???/???,161,23.47,7.14,0.64,0,"???, ???, ???, ???, ???"
eopaeryu-mic-geu-jepum-goedoraci,??? ? ? ??,????,?,??? ? ? ??/????/?,74,17.2,0.1,,,"????, ??"
eopaeryu-mic-geu-jepum-gunso,??? ? ? ??,??,?,??? ? ? ??/??/?,43,7.7,0.9,0.5,,"??, ??, ??, ????, ??"
eopaeryu-mic-geu-jepum-gunpyeongseoni,??? ? ? ??,????,?,??? ? ? ??/????/?,103,18.5,2.6,0.2,,"????, ??"
eopaeryu-mic-geu-jepum-gul,??? ? ? ??,?,?,??? ? ? ??/?/?,88,10.5,2.4,5.1,,"?, ??, ??, ?, ??, ??, ?, ??, ???, ?, ??, ??, ??, ?, ??, ????(????), ?, ??, ??, ?, ??, ?, ???(???)"
eopaeryu-mic-geu-jepum-gul-tongjorim,??? ? ? ??,? (???),???,??? ? ? ??/?/???,83,14.7,2.7,0,,"?, ???, ?, ???, ??"
eopaeryu-mic-geu-jepum-gireumjonggae,??? ? ? ??,????,?,??? ? ? ??/????/?,107,17.5,3.3,0.5,,"????, ??"
eopaeryu-mic-geu-jepum-gganari,??? ? ? ??,???,?,??? ? ? ??/???/?,114,16,4.8,0.3,,"???, ??, ???, ??? ???, ???, ??"
eopaeryu-mic-geu-jepum-ggeogjeogi,??? ? ? ??,???,?,??? ? ? ??/???/?,92,19.5,1,0.1,,"???, ??"
eopaeryu-mic-geu-jepum-ggomag,??? ? ? ??,??,?,??? ? ? ??/??/?,63,12.6,0.3,1.6,,"??, ??, ??, ???, ??"
eopaeryu-mic-geu-jepum-ggocigogi,??? ? ? ??,????,?,??? ? ? ??/????/?,97,20.5,0.8,0.7,,"????, ??"
eopaeryu-mic-geu-jepum-ggolddugi,??? ? ? ??,???,?,??? ? ? ??/???/?,83,16,2,0.3,,"???, ?????, ??, ???, ?????, ???, ???, ?????, ???, ???, ?????, ????, ???, ????, ??, ???, ????, ??? ???, ???, ????, ??, ???, ??, ???, ????"
eopaeryu-mic-geu-jepum-ggomci,??? ? ? ??,??,?,??? ? ? ??/??/?,70,16.4,0.1,0,,"??, ??"
eopaeryu-mic-geu-jepum-ggongci,??? ? ? ??,??,?,??? ? ? ??/??/?,178,20.1,9.8,0.2,,"??, ??, ??, ???, ??, ??"
eopaeryu-mic-geu-jepum-ggongci-tongjorim,??? ? ? ??,?? (???),???,??? ? ? ??/??/???,178,19,10.3,2.4,,"??, ???, ??, ???, ???, ??, ???, ??"
eopaeryu-mic-geu-jepum-ggongci-gwamegi,??? ? ? ??,??(???),?,??? ? ? ??/??(???)/?,421,32.1,29.9,0.9,,"??(???), ???"
eopaeryu-mic-geu-jepum-nagji,??? ? ? ??,??,?,??? ? ? ??/??/?,55,11.5,0.6,0.1,,"??, ??, ??, ????, ??, ??, ????"
eopaeryu-mic-geu-jepum-nalci,??? ? ? ??,??,?,??? ? ? ??/??/?,124,26.4,1.3,,,"??, ??, ??, ??, ??, ?, ??"
eopaeryu-mic-geu-jepum-nabjiri,??? ? ? ??,???,?,??? ? ? ??/???/?,86,17.5,1.2,0.1,,"???, ??"
eopaeryu-mic-geu-jepum-neobci-gwangeo,??? ? ? ??,??(??),?,??? ? ? ??/??(??)/?,125,22.36,3.28,0,0,"??(??), ??, ??(??), ??, ??"
eopaeryu-mic-geu-jepum-nedonggari,??? ? ? ??,????,?,??? ? ? ??/????/?,82,19.2,0.1,0.1,,"????, ??"
eopaeryu-mic-geu-jepum-norangcogsu,??? ? ? ??,????,?,??? ? ? ??/????/?,248,7.1,19.5,8.3,,"????, ??"
eopaeryu-mic-geu-jepum-noraemi,??? ? ? ??,???,?,??? ? ? ??/???/?,87,17.5,1.25,0.4,,"???, ??, ???, ????, ??, ???, ????, ??"
eopaeryu-mic-geu-jepum-nolraegi,??? ? ? ??,???,?,??? ? ? ??/???/?,98,18.9,1.9,0.1,,"???, ??, ???, ?????, ??, ???, ?????, ??, ???, ????, ??"
eopaeryu-mic-geu-jepum-nongeo,??? ? ? ??,??,?,??? ? ? ??/??/?,96,18.2,1.9,0.2,,"??, ??, ??, ???, ??, ???, ??"
eopaeryu-mic-geu-jepum-nuci,??? ? ? ??,??,?,??? ? ? ??/??/?,105,17.3,3,0.8,,"??, ??"
eopaeryu-mic-geu-jepum-nunboldae,??? ? ? ??,???,?,??? ? ? ??/???/?,144,22.3,5.3,0,,"???, ??"
eopaeryu-mic-geu-jepum-nuntungmyeol,??? ? ? ??,???,?,??? ? ? ??/???/?,138,18.5,6.2,0.4,,"???, ??, ???, ?, ???"
eopaeryu-mic-geu-jepum-neungseongeo,??? ? ? ??,???,?,??? ? ? ??/???/?,93,18.8,1.3,0.3,,"???, ??"
eopaeryu-mic-geu-jepum-dageumbari,??? ? ? ??,????,?,??? ? ? ??/????/?,100,19.3,1.9,0.1,,"????, ??"
eopaeryu-mic-geu-jepum-darangeo,??? ? ? ??,???,?,??? ? ? ??/???/?,113.5,24.2,1.15,0.15,,"???, ????, ??, ???, ???? ??, ??, ???, ???? ??, ???, ????, ??, ???, ????, ???, ??, ???, ????, ???, ??, ???, ????, ???, ???, ????, ??, ???, ????, ??"
eopaeryu-mic-geu-jepum-darangeo-tongjorim,??? ? ? ??,??? (???),???,??? ? ? ??/???/???,185,22.31,10.6,0,0,"???, ????, ???, ??"
eopaeryu-mic-geu-jepum-daseulgi,??? ? ? ??,???,?,??? ? ? ??/???/?,85,11.9,1.2,5.7,,"???, ??, ???, ?????, ??, ???, ??????, ??, ???, ??????, ??, ???, ??????, ??, ???, ?????, ??, ???, ????, ??"
eopaeryu-mic-geu-jepum-dalgangeo,??? ? ? ??,???,?,??? ? ? ??/???/?,121,19.7,4,0.1,,"???, ??"
eopaeryu-mic-geu-jepum-dalgogi,??? ? ? ??,???,?,??? ? ? ??/???/?,97,19.1,1.4,0.7,,"???, ??"
eopaeryu-mic-geu-jepum-damci,??? ? ? ??,??,?,??? ? ? ??/??/?,84,11.9,1.7,4.4,,"??, ?????, ??, ??, ????, ??, ??, ????, ???, ??, ????, ??, ??, ??, ???(??), ??, ??, ???(??), ??? ???"
eopaeryu-mic-geu-jepum-damci-tongjorim,??? ? ? ??,?? (???),???,??? ? ? ??/??/???,89,15.8,2.3,1.3,,"??, ???(??), ???"
eopaeryu-mic-geu-jepum-daegu,??? ? ? ??,??,?,??? ? ? ??/??/?,81,18.2,0.43,0,0,"??, ??, ??, ??, ??, ??, ??, ??, ??, ???, ??, ???, ??, ??, ??, ??? ?? ???, ??, ??, ??, ?, ???, ??, ??, ??, ??, ?, ??, ??, ??, ??, ???, ??, ??, ????, ??, ??, ???, ??"
eopaeryu-mic-geu-jepum-daegu-twigim,??? ? ? ??,?? (??),??,??? ? ? ??/??/??,106,13.7,0.8,11.1,,"?? ??, ??"
eopaeryu-mic-geu-jepum-daeguhoesdae,??? ? ? ??,????,?,??? ? ? ??/????/?,93,19.5,0.9,0.5,,"????, ??"
eopaeryu-mic-geu-jepum-daedueo-heugyeon,??? ? ? ??,???(??),?,??? ? ? ??/???(??)/?,96,17.5,2.1,0.5,,"???(??), ??"
eopaeryu-mic-geu-jepum-daesuri,??? ? ? ??,???,?,??? ? ? ??/???/?,112,18.8,2.6,1.9,,"???, ??"
eopaeryu-mic-geu-jepum-daehab,??? ? ? ??,??,?,??? ? ? ??/??/?,62,12,0.8,1,,"??, ????, ??"
eopaeryu-mic-geu-jepum-dodari,??? ? ? ??,???,?,??? ? ? ??/???/?,78,17.6,0.2,0.5,,"???, ??"
eopaeryu-mic-geu-jepum-dodobari,??? ? ? ??,????,?,??? ? ? ??/????/?,95,19.4,1.2,0.5,,"????, ??"
eopaeryu-mic-geu-jepum-dorumug,??? ? ? ??,???,?,??? ? ? ??/???/?,113,16,4.6,0.5,,"???, ??, ???, ??? ?? ???"
eopaeryu-mic-geu-jepum-doci,??? ? ? ??,??,?,??? ? ? ??/??/?,62,7.2,3,0.9,,"??, ??"
eopaeryu-mic-geu-jepum-doggasici,??? ? ? ??,????,?,??? ? ? ??/????/?,97,20.3,1.2,0,,"????, ??"
eopaeryu-mic-geu-jepum-dom,??? ? ? ??,?,?,??? ? ? ??/?/?,102,19.3,2.3,0,,"?, ???, ??, ?, ???, ??, ?, ???, ??, ?, ???, ??, ?, ???, ??, ?, ???, ??, ?, ???, ??, ?, ??, ??, ?, ??, ??, ?, ???, ??, ?, ??, ??, ?, ???, ??, ?, ??, ??, ?, ??, ??, ?, ????, ??, ?, ???, ??, ?, ???, ??, ?, ??, ??, ?, ??, ???, ?, ??, ???, ?, ??, ???, ?, ?????, ??, ?, ???, ??, ?, ??, ??, ?, ??, ???, ?, ??, ???, ?, ??, ??, ??, ?, ???, ??, ?, ??, ??, ?, ??, ??, ?, ???, ??"
eopaeryu-mic-geu-jepum-dongsari,??? ? ? ??,???,?,??? ? ? ??/???/?,81,16.9,1,0,,"???, ??"
eopaeryu-mic-geu-jepum-dongjagae-bbagasari,??? ? ? ??,???(????),?,??? ? ? ??/???(????)/?,81,15.7,1.6,0,,"???(????), ??"
eopaeryu-mic-geu-jepum-dongjug,??? ? ? ??,??,?,??? ? ? ??/??/?,69,11.8,1.6,0.9,,"??, ??"
eopaeryu-mic-geu-jepum-dugjunggae,??? ? ? ??,???,?,??? ? ? ??/???/?,108,15.8,5.8,0.2,,"???, ??, ???, ???, ???, ???"
eopaeryu-mic-geu-jepum-deureongheori,??? ? ? ??,????,?,??? ? ? ??/????/?,92,17.9,1.7,0,,"????, ??"
eopaeryu-mic-geu-jepum-deunggasici,??? ? ? ??,????,?,??? ? ? ??/????/?,79,18.5,0.1,,,"????, ??"
eopaeryu-mic-geu-jepum-mansaegi,??? ? ? ??,???,?,??? ? ? ??/???/?,100,21.3,1.9,,,"???, ??"
eopaeryu-mic-geu-jepum-mas,??? ? ? ??,?,?,??? ? ? ??/?/?,95,16.1,1.8,2.5,,"?, ???(???), ??"
eopaeryu-mic-geu-jepum-mangdugeo-pulmangdug,??? ? ? ??,???(???),?,??? ? ? ??/???(???)/?,77,16.4,0.7,0.3,,"???(???), ??"
eopaeryu-mic-geu-jepum-maetungi,??? ? ? ??,???,?,??? ? ? ??/???/?,93,20.8,0.5,0.1,,"???, ??"
eopaeryu-mic-geu-jepum-meongge,??? ? ? ??,??,?,??? ? ? ??/??/?,73,8.7,2.1,4.9,,"??, ??, ??, ??, ????, ??, ???, ??, ??, ????, ??"
eopaeryu-mic-geu-jepum-meongge-ureongswengi,??? ? ? ??,??(????),?,??? ? ? ??/??(????)/?,27,5,0.8,0.8,,"??(????), ??"
eopaeryu-mic-geu-jepum-megi,??? ? ? ??,??,?,??? ? ? ??/??/?,78,16.4,0.9,0.1,,"??, ??, ??, ???, ??, ??, ????, ??"
eopaeryu-mic-geu-jepum-myeolci,??? ? ? ??,??,?,??? ? ? ??/??/?,118,14,6.3,0,,"??, ??, ??, ???, ??? ???, ??, ???, ??? ???, ??, ???, ??? ???, ?? ??, ?? ??, ??, ?? ??, ??, ??, ??, ??, ???, ??, ??"
eopaeryu-mic-geu-jepum-myeolci-boggeum,??? ? ? ??,?? (??),??,??? ? ? ??/??/??,262,23.3,11.2,17,,"?? ??, ???????, ?? ??, ?????"
eopaeryu-mic-geu-jepum-myeolci-tongjorim,??? ? ? ??,?? (???),???,??? ? ? ??/??/???,170,9.7,14.6,0,,"??, ???, ??"
eopaeryu-mic-geu-jepum-myeongtae,??? ? ? ??,??,?,??? ? ? ??/??/?,111,25.2,0.5,0,,"??, ??, ??, ???, ??, ???, ???, ??, ??, ??, ??, ??, ?, ???, ??, ??, ???, ??, ???, ???, ??, ???, ???, ???, ??, ??, ?, ???, ??, ?, ???? ???, ??, ??, ????(???), ??, ?, ??, ??, ?, ????(???)"
eopaeryu-mic-geu-jepum-moraemuji,??? ? ? ??,????,?,??? ? ? ??/????/?,77,15.7,1.1,0,,"????, ??"
eopaeryu-mic-geu-jepum-mongcidarae,??? ? ? ??,????,?,??? ? ? ??/????/?,159,24.1,5.9,0.5,,"????, ??"
eopaeryu-mic-geu-jepum-muneo,??? ? ? ??,??,?,??? ? ? ??/??/?,70,16.4,0.7,0.1,,"??, ??, ??, ???, ??, ???, ??, ??, ???, ???, ??, ???, ??"
eopaeryu-mic-geu-jepum-munjeolmangdug,??? ? ? ??,????,?,??? ? ? ??/????/?,90,18.7,1.1,0.3,,"????, ??, ????, ???"
eopaeryu-mic-geu-jepum-mulcidarae,??? ? ? ??,????,?,??? ? ? ??/????/?,168,23.4,7.3,0.1,,"????, ??"
eopaeryu-mic-geu-jepum-migguri,??? ? ? ??,???,?,??? ? ? ??/???/?,96,16.2,2.8,0.2,,"???, ??, ???, ???"
eopaeryu-mic-geu-jepum-mideodeog,??? ? ? ??,???,?,??? ? ? ??/???/?,52,9,0.7,2.3,,"???, ??, ???, ?????, ??"
eopaeryu-mic-geu-jepum-mindalgogi,??? ? ? ??,????,?,??? ? ? ??/????/?,95,20.3,1,0.1,,"????, ??"
eopaeryu-mic-geu-jepum-mineo,??? ? ? ??,??,?,??? ? ? ??/??/?,100,23.4,0.8,,,"??, ??, ??, ???, ??, ???(???), ??, ??, ???? ???, ??, ?, ??"
eopaeryu-mic-geu-jepum-mintae,??? ? ? ??,??,?,??? ? ? ??/??/?,88,15.2,2.5,0,,"??, ??"
eopaeryu-mic-geu-jepum-bajirag,??? ? ? ??,???,?,??? ? ? ??/???/?,68,13,1.1,0.7,,"???, ??, ???, ??, ??, ???, ???, ???, ???, ???, ??"
eopaeryu-mic-geu-jepum-bajirag-tongjorim,??? ? ? ??,??? (???),???,??? ? ? ??/???/???,91,15.2,2.4,2.1,,"???, ???, ???, ???, ??"
eopaeryu-mic-geu-jepum-bagdae,??? ? ? ??,??,?,??? ? ? ??/??/?,104,21.4,1.4,0.1,,"??, ??, ??, ???, ??, ???"
eopaeryu-mic-geu-jepum-bangeo,??? ? ? ??,??,?,??? ? ? ??/??/?,165,21,8,0.3,,"??, ??, ??, ???, ??, ??, ???, ??, ??, ???, ???, ??"
eopaeryu-mic-geu-jepum-bangeo-tongjorim,??? ? ? ??,?? (???),???,??? ? ? ??/??/???,312,27.2,22.4,0.5,,"??, ???, ??"
eopaeryu-mic-geu-jepum-baegyeon,??? ? ? ??,??,?,??? ? ? ??/??/?,89,19,0.8,0.3,,"??, ??"
eopaeryu-mic-geu-jepum-baeghab,??? ? ? ??,??,?,??? ? ? ??/??/?,72,12.5,1,3.2,,"??, ??, ??, ???, ??, ???, ??, ???, ??"
eopaeryu-mic-geu-jepum-baeghab-tongjorim,??? ? ? ??,?? (???),???,??? ? ? ??/??/???,123,19.6,0.1,10.9,,"??, ???, ??"
eopaeryu-mic-geu-jepum-baendaengi,??? ? ? ??,???,?,??? ? ? ??/???/?,117,16.3,4.9,0.6,,"???, ??, ???, ??? ???, ???, ??"
eopaeryu-mic-geu-jepum-baengeo,??? ? ? ??,??,?,??? ? ? ??/??/?,311,56.1,7.9,0,,"??, ??, ??, ???, ??, ?, ???"
eopaeryu-mic-geu-jepum-bedoraci,??? ? ? ??,????,?,??? ? ? ??/????/?,105,20.7,1.9,,,"????, ??, ????, ??????, ??, ????, ??????, ??"
eopaeryu-mic-geu-jepum-beroci,??? ? ? ??,???,?,??? ? ? ??/???/?,86,19.5,0.4,0,,"???, ??"
eopaeryu-mic-geu-jepum-beseu,??? ? ? ??,??,?,??? ? ? ??/??/?,81,18.2,0.4,0.1,,"??, ??"
eopaeryu-mic-geu-jepum-benjari,??? ? ? ??,???,?,??? ? ? ??/???/?,123,17,5.3,0.3,,"???, ??, ???, ?????, ??"
eopaeryu-mic-geu-jepum-byeongeo,??? ? ? ??,??,?,??? ? ? ??/??/?,130,16.4,6.3,0.3,,"??, ??"
eopaeryu-mic-geu-jepum-boguci,??? ? ? ??,???,?,??? ? ? ??/???/?,119,19.3,3.9,0.3,,"???, ??"
eopaeryu-mic-geu-jepum-borimyeol,??? ? ? ??,???,?,??? ? ? ??/???/?,95.5,19.55,1.3,0.15,,"???, ??, ???, ??"
eopaeryu-mic-geu-jepum-bogeo,??? ? ? ??,??,?,??? ? ? ??/??/?,85,19.3,0.2,0.4,,"??, ??, ??, ??, ??, ???? ???, ??, ????, ??, ??, ???, ??, ??, ???, ??, ??, ???, ??, ??, ??, ??, ??, ???, ??, ??, ??, ??, ??, ???, ??"
eopaeryu-mic-geu-jepum-bolgiureog,??? ? ? ??,????,?,??? ? ? ??/????/?,129,18.7,5.3,0,,"????, ??"
eopaeryu-mic-geu-jepum-bolrag,??? ? ? ??,??,?,??? ? ? ??/??/?,92.5,18.855,1.63,0.3,0,"??, ??, ??, ???, ??, ???, ??, ??, ?????, ??, ??, ???, ??, ??, ????, ??, ??, ????(??), ??, ??, ????, ??, ??, ????, ??"
eopaeryu-mic-geu-jepum-buse,??? ? ? ??,??,?,??? ? ? ??/??/?,105,17.2,3.4,0,,"??, ??"
eopaeryu-mic-geu-jepum-busiri,??? ? ? ??,???,?,??? ? ? ??/???/?,109,22.3,1.5,0.1,,"???, ??"
eopaeryu-mic-geu-jepum-buci,??? ? ? ??,??,?,??? ? ? ??/??/?,71,15.8,0.5,0,,"??, ????, ??"
eopaeryu-mic-geu-jepum-bulgbari,??? ? ? ??,???,?,??? ? ? ??/???/?,99,21,1.1,0.1,,"???, ??"
eopaeryu-mic-geu-jepum-bungeo,??? ? ? ??,??,?,??? ? ? ??/??/?,177,18,4.4,14.4,,"??, ??, ??, ???, ??, ???, ??, ???, ??"
eopaeryu-mic-geu-jepum-beulrugil,??? ? ? ??,???,?,??? ? ? ??/???/?,83,17.8,0.8,0.2,,"???, ??"
eopaeryu-mic-geu-jepum-bingeo,??? ? ? ??,??,?,??? ? ? ??/??/?,124,22.6,3.1,0,,"??, ??, ??, ??? ???, ??, ???, ??, ????, ??, ??, ????, ???(??)"
eopaeryu-mic-geu-jepum-sanceoneo,??? ? ? ??,???,?,??? ? ? ??/???/?,117,20.3,3.3,0.1,,"???, ??"
eopaeryu-mic-geu-jepum-salsalci,??? ? ? ??,???,?,??? ? ? ??/???/?,70,15.5,0.2,0.6,,"???, ??"
eopaeryu-mic-geu-jepum-samsegi,??? ? ? ??,???,?,??? ? ? ??/???/?,97,18.6,1.8,0.5,,"???, ??"
eopaeryu-mic-geu-jepum-samci,??? ? ? ??,??,?,??? ? ? ??/??/?,101,22.7,1.1,0,,"??, ??, ??, ???, ??, ???, ??, ??, ???, ??, ??, ??"
eopaeryu-mic-geu-jepum-sangeo,??? ? ? ??,??,?,??? ? ? ??/??/?,104.5,22.3,1.1,,,"??, ????, ??, ??, ???, ??, ??, ????, ??, ??, ????, ??, ??, ????, ??, ??, ???, ??, ??, ?????, ??, ??, ???, ??, ??, ???, ??, ??, ???, ??, ??, ?????, ??, ??, ???, ??, ??, ????, ??, ??, ?, ??"
eopaeryu-mic-geu-jepum-saedarae,??? ? ? ??,???,?,??? ? ? ??/???/?,104,18.9,2.6,,,"???, ??"
eopaeryu-mic-geu-jepum-saeu,??? ? ? ??,??,?,??? ? ? ??/??/?,88,17,1.2,1.3,,"??, ?????, ??, ??, ?????, ??, ??, ??????, ??, ??, ???, ??, ??, ???, ??? ???, ??, ???, ??, ??, ???, ???(???), ??, ???, ??, ??, ???, ???, ??, ???, ??, ??, ??, ??, ??, ??, ???, ??, ????????, ??, ??, ????, ??, ??, ????, ???, ??, ????, ??, ??, ??, ??, ??, ??, ??? ???, ??, ??, ???? ???, ??, ??, ??, ??, ???, ??, ??, ???, ???, ??, ???, ??, ??, ?????, ??, ??, ????(????), ??, ??, ????, ??, ??, ?????, ??, ??, ?????, ??, ??, ?????, ??, ???, ??, ??, ??, ?? ???, ??, ?? ???, ???(???), ??, ??, ??, ??, ??, ??, ??, ??????, ??, ??, ??????, ??, ??, ????, ??, ??, ????, ??, ??, ????"
eopaeryu-mic-geu-jepum-saeu-boggeum,??? ? ? ??,?? (??),??,??? ? ? ??/??/??,342,23.4,13.4,28.5,,"?? ??, ???, ???"
eopaeryu-mic-geu-jepum-saeu-tongjorim,??? ? ? ??,?? (???),???,??? ? ? ??/??/???,95,21.5,0.7,0.6,,"??, ??, ???"
eopaeryu-mic-geu-jepum-saesmyeol,??? ? ? ??,??,?,??? ? ? ??/??/?,82,19.5,0.6,,,"??, ??"
eopaeryu-mic-geu-jepum-seodae,??? ? ? ??,??,?,??? ? ? ??/??/?,93,18.65,1.5,0.15,,"??, ????, ??, ??, ?????, ??, ??, ???, ??"
eopaeryu-mic-geu-jepum-seongge,??? ? ? ??,??,?,??? ? ? ??/??/?,173,16.1,8.7,7.6,,"??, ??, ??, ??, ??, ?, ??, ??, ????, ??, ??, ????, ?, ??, ??, ????, ?, ??"
eopaeryu-mic-geu-jepum-seongge-tongjorim,??? ? ? ??,?? (???),???,??? ? ? ??/??/???,138,14,5.1,8.9,,"??, ???"
eopaeryu-mic-geu-jepum-seongdae,??? ? ? ??,??,?,??? ? ? ??/??/?,92.5,19.6,1,0.1,,"??, ??, ??, ???, ??, ??, ?????, ??"
eopaeryu-mic-geu-jepum-sora,??? ? ? ??,??,?,??? ? ? ??/??/?,107,20.7,0.3,4,,"??, ??"
eopaeryu-mic-geu-jepum-sora-tongjorim,??? ? ? ??,?? (???),???,??? ? ? ??/??/???,123,19.6,0.1,10.9,,"??, ???"
eopaeryu-mic-geu-jepum-songeo,??? ? ? ??,??,?,??? ? ? ??/??/?,150,22.92,5.82,0,,"??, ??, ??, ??, ??, ??, ??, ?????, ??, ??, ?????, ???, ??, ?????, ??"
eopaeryu-mic-geu-jepum-songeo-tongjorim,??? ? ? ??,?? (???),???,??? ? ? ??/??/???,152,18.2,8.8,0,,"??, ???"
eopaeryu-mic-geu-jepum-surang,??? ? ? ??,??,?,??? ? ? ??/??/?,86,15.9,0.7,2.9,,"??, ??"
eopaeryu-mic-geu-jepum-sungeo,??? ? ? ??,??,?,??? ? ? ??/??/?,150,24.81,4.86,0,,"??, ??, ??, ???, ??, ?, ??? ?? ???"
eopaeryu-mic-geu-jepum-ssangdonggari,??? ? ? ??,????,?,??? ? ? ??/????/?,101,20.8,1.4,0,,"????, ??"
eopaeryu-mic-geu-jepum-ssangbbuldaljae,??? ? ? ??,????,?,??? ? ? ??/????/?,75,16.9,0.4,0.1,,"????, ??"
eopaeryu-mic-geu-jepum-ssogari,??? ? ? ??,???,?,??? ? ? ??/???/?,111,17.2,4.1,0,,"???, ??, ???, ??"
eopaeryu-mic-geu-jepum-ssombaengi,??? ? ? ??,???,?,??? ? ? ??/???/?,90,19.9,0.6,0.1,,"???, ??"
eopaeryu-mic-geu-jepum-ssugimi,??? ? ? ??,???,?,??? ? ? ??/???/?,84,18.5,0.4,0.5,,"???, ??"
eopaeryu-mic-geu-jepum-ssuggampeng,??? ? ? ??,???,?,??? ? ? ??/???/?,83,19,0.3,0,,"???, ??"
eopaeryu-mic-geu-jepum-agwi,??? ? ? ??,??,?,??? ? ? ??/??/?,63,14.1,0.2,0.5,,"??, ??, ??, ?, ??, ??, ???, ??"
eopaeryu-mic-geu-jepum-ahobdonggari,??? ? ? ??,?????,?,??? ? ? ??/?????/?,106,19.8,2.3,0.1,,"?????, ??"
eopaeryu-mic-geu-jepum-aeggoci,??? ? ? ??,???,?,??? ? ? ??/???/?,134,23.3,4.9,0.1,,"???, ??, ???, ???"
eopaeryu-mic-geu-jepum-yangmiri,??? ? ? ??,???,?,??? ? ? ??/???/?,123,21.5,3.4,0,,"???, ??, ???, ???"
eopaeryu-mic-geu-jepum-yangtae,??? ? ? ??,??,?,??? ? ? ??/??/?,81,18.5,0.1,0.6,,"??, ??, ??, ????, ??, ??, ???, ??, ??, ????, ??, ??, ???, ??"
eopaeryu-mic-geu-jepum-eomug,??? ? ? ??,??,?,??? ? ? ??/??/?,112,10.8,0.8,15.2,,"??, ?? ??, ??, ??? ??, ??, ???, ??, ???"
eopaeryu-mic-geu-jepum-eomuggug,??? ? ? ??,???,?,??? ? ? ??/???/?,42,3.1,0.8,5.7,,???
eopaeryu-mic-geu-jepum-eoyugsosiji,??? ? ? ??,?????,?,??? ? ? ??/?????/?,174,9.01,7.45,17.75,,?????
eopaeryu-mic-geu-jepum-eolrugtonggumeong,??? ? ? ??,?????,?,??? ? ? ??/?????/?,82,18.2,0.5,0,,"?????, ??"
eopaeryu-mic-geu-jepum-yeodeolbdonggari,??? ? ? ??,?????,?,??? ? ? ??/?????/?,110,19.2,3.1,0,,"?????, ??"
eopaeryu-mic-geu-jepum-yeoneo,??? ? ? ??,??,?,??? ? ? ??/??/?,138,22.8,6.1,0.1,,"??, ??, ??, ??, ????, ??, ???, ????, ??, ??, ??, ?, ??, ??, ?, ??, ??, ???, ??, ??, ???, ??, ??, ???, ???, ??, ???, ??"
eopaeryu-mic-geu-jepum-yeoneo-tongjorim,??? ? ? ??,?? (???),???,??? ? ? ??/??/???,168,16.29,11.27,0.31,0,"??, ???, ??, ???, ???"
eopaeryu-mic-geu-jepum-yeolssangdonggari,??? ? ? ??,?????,?,??? ? ? ??/?????/?,86,18.3,0.9,0.1,,"?????, ??"
eopaeryu-mic-geu-jepum-obunjagi,??? ? ? ??,????,?,??? ? ? ??/????/?,95,13.3,2.1,4.6,,"????, ??"
eopaeryu-mic-geu-jepum-ojingeo,??? ? ? ??,???,?,??? ? ? ??/???/?,94,18.84,1.44,0.16,0,"???, ??, ???, ???, ???, ???, ???, ???, ???, ??, ???, ??, ???, ???, ????, ???, ?, ???? ???, ???, ?, ???? ???, ???, ????, ??, ???, ????, ???, ???, ????, ??, ???, ?????, ??, ???, ?????, ??, ???, ????, ???, ??, ??"
eopaeryu-mic-geu-jepum-ojingeo-twigim,??? ? ? ??,??? (??),??,??? ? ? ??/???/??,308,11.9,18.1,24.3,,??? ??
eopaeryu-mic-geu-jepum-ojingeocae-boggeum,??? ? ? ??,???? (??),??,??? ? ? ??/????/??,278,18.6,4.2,41.4,,???? ??
eopaeryu-mic-geu-jepum-ugagbari,??? ? ? ??,????,?,??? ? ? ??/????/?,91,19,1.2,0,,"????, ??"
eopaeryu-mic-geu-jepum-ureongi,??? ? ? ??,???,?,??? ? ? ??/???/?,73,10.5,1.4,3.8,,"???, ????, ??, ???, ???, ??, ???, ??????(???), ??, ???, ?????, ??"
eopaeryu-mic-geu-jepum-ureongi-tongjorim,??? ? ? ??,??? (???),???,??? ? ? ??/???/???,109,19.33,0.83,5.97,4.24,"???, ??????(???), ???, ???"
eopaeryu-mic-geu-jepum-ungeo,??? ? ? ??,??,?,??? ? ? ??/??/?,169,15.9,10.8,0,,"??, ??"
eopaeryu-mic-geu-jepum-euneo,??? ? ? ??,??,?,??? ? ? ??/??/?,138,17.8,7.9,0.6,,"??, ??, ??, ???, ??, ??, ??, ??, ??, ???, ??, ??, ??, ??, ??, ???, ??, ??, ??, ??, ??, ??, ??, ???, ??, ??, ??"
eopaeryu-mic-geu-jepum-insangeo,??? ? ? ??,???,?,??? ? ? ??/???/?,133,21.8,4.2,0.4,,"???, ??"
eopaeryu-mic-geu-jepum-imyeonsueo,??? ? ? ??,????,?,??? ? ? ??/????/?,161,20.6,9.4,0.1,,"????, ??, ????, ???, ????, ??"
eopaeryu-mic-geu-jepum-ingeo,??? ? ? ??,??,?,??? ? ? ??/??/?,190,19.2,13.4,0.2,,"??, ??, ??, ???, ??, ??, ??"
eopaeryu-mic-geu-jepum-janggaengi,??? ? ? ??,???,?,??? ? ? ??/???/?,90,19.1,1,0,,"???, ??"
eopaeryu-mic-geu-jepum-jangmunbolrag,??? ? ? ??,????,?,??? ? ? ??/????/?,87,15.7,2.1,0.2,,"????, ??, ????, ???"
eopaeryu-mic-geu-jepum-jangeo,??? ? ? ??,??,?,??? ? ? ??/??/?,170,17.9,9.9,0.4,,"??, ???, ??, ??, ???, ??, ??, ???, ??, ??, ???, ???, ??, ???, ??, ???, ??, ???, ?, ??, ??, ???, ??, ??, ???, ??, ??, ???, ?, ???, ??, ????, ??, ??, ????, ???, ??, ??, ???"
eopaeryu-mic-geu-jepum-jaeceob,??? ? ? ??,??,?,??? ? ? ??/??/?,94,12.5,1.9,5.8,,"??, ??"
eopaeryu-mic-geu-jepum-jeongaengi,??? ? ? ??,???,?,??? ? ? ??/???/?,134.5,21.55,5.35,0.1,,"???, ??, ???, ???, ???, ???, ???, ??, ???, ??? ?? ???, ???, ?????, ???, ?????, ???, ???, ???, ??, ???, ????, ??, ???, ????, ??"
eopaeryu-mic-geu-jepum-jeongaengi-tongjorim,??? ? ? ??,??? (???),???,??? ? ? ??/???/???,131,14.7,0.1,17.9,,"???, ???, ??"
eopaeryu-mic-geu-jepum-jeongaengi-twigim,??? ? ? ??,??? (??),??,??? ? ? ??/???/??,144,16.1,2.3,14.8,,"??? ??, ??"
eopaeryu-mic-geu-jepum-jeonbog,??? ? ? ??,??,?,??? ? ? ??/??/?,91,15,0.7,5.1,,"??, ????, ??, ??, ???, ??, ??, ????, ??, ??, ??, ??, ??, ???, ??, ???, ??, ??"
eopaeryu-mic-geu-jepum-jeonbog-tongjorim,??? ? ? ??,?? (???),???,??? ? ? ??/??/???,131,14.7,0.1,17.9,,"??, ???, ???, ??, ???, ??"
eopaeryu-mic-geu-jepum-jeoneo,??? ? ? ??,??,?,??? ? ? ??/??/?,107,19.2,2.7,0.2,,"??, ??, ??, ??"
eopaeryu-mic-geu-jepum-jeomgampeng,??? ? ? ??,???,?,??? ? ? ??/???/?,90,19.4,0.7,0.3,,"???, ??"
eopaeryu-mic-geu-jepum-jeomjulureog,??? ? ? ??,????,?,??? ? ? ??/????/?,100,19.3,1.9,0.1,,"????, ??, ????, ???(??)"
eopaeryu-mic-geu-jepum-jeongeori,??? ? ? ??,???,?,??? ? ? ??/???/?,199,25.3,9.4,0.2,,"???, ??, ???, ???, ???, ???, ???, ???, ???, ??? ???, ???, ??? ?? ???, ???, ??"
eopaeryu-mic-geu-jepum-jeongeori-tongjorim,??? ? ? ??,??? (???),???,??? ? ? ??/???/???,122,19.3,4.8,0.3,,"???, ???, ???, ???, ??, ???, ???, ??"
eopaeryu-mic-geu-jepum-jogae,??? ? ? ??,??,?,??? ? ? ??/??/?,68,11.9,0.6,3,,"??, ?????, ??, ??, ????(????), ??, ??, ????(????), ???, ??, ???, ??, ??, ???, ??, ??, ???, ??, ??, ???, ???, ??, ???, ??, ??, ???, ??, ??, ???, ???, ??, ???, ???? ???, ??, ?????, ??, ??, ??, ??, ??, ????(????), ??, ??, ????, ??, ??, ???, ??, ??, ???, ??, ??, ??, ???, ??, ??, ??, ???, ??, ??, ???, ??, ??, ???, ??, ??, ??, ??"
eopaeryu-mic-geu-jepum-jogae-tongjorim,??? ? ? ??,?? (???),???,??? ? ? ??/??/???,115,18,1.3,7.8,,"??, ???, ???, ??"
eopaeryu-mic-geu-jepum-jogi-camjogi,??? ? ? ??,??(???),?,??? ? ? ??/??(???)/?,118,19.02,4.04,0,0,"??(???), ??, ??(???), ??, ??? ?? ???, ??(???), ??"
eopaeryu-mic-geu-jepum-juggumi,??? ? ? ??,???,?,??? ? ? ??/???/?,52,10.8,0.5,0.5,,"???, ??"
eopaeryu-mic-geu-jepum-junci,??? ? ? ??,??,?,??? ? ? ??/??/?,90,18.7,1.1,0.2,,"??, ??, ??, ???, ??"
eopaeryu-mic-geu-jepum-jwici,??? ? ? ??,??,?,??? ? ? ??/??/?,312,38.7,2.2,34.3,,"??, ??, ??, ?, ???, ??, ?, ??, ??, ?, ???? ???, ??, ???, ??, ??, ???, ???? ???"
eopaeryu-mic-geu-jepum-camdarangeo,??? ? ? ??,????,?,??? ? ? ??/????/?,187,16.04,9.26,9.41,,???? ???
eopaeryu-mic-geu-jepum-cammaja,??? ? ? ??,???,?,??? ? ? ??/???/?,90,17.7,1.5,0.3,,"???, ??"
eopaeryu-mic-geu-jepum-ceongsaeci,??? ? ? ??,???,?,??? ? ? ??/???/?,107,23.1,1.8,0.1,,"???, ??"
eopaeryu-mic-geu-jepum-ceongeo,??? ? ? ??,??,?,??? ? ? ??/??/?,159,17.5,9,0.2,,"??, ??, ??, ???, ??, ??? ???, ??, ??, ??, ??, ??, ?, ??, ??, ?, ???, ??, ?, ??"
eopaeryu-mic-geu-jepum-coeo,??? ? ? ??,??,?,??? ? ? ??/??/?,89,17.1,1.7,0.2,,"??, ??"
eopaeryu-mic-geu-jepum-keuril,??? ? ? ??,??,?,??? ? ? ??/??/?,78,13.8,3,,,"??, ??, ??, ???, ?? ????"
eopaeryu-mic-geu-jepum-keunuseulureongi-golbaengi,??? ? ? ??,??????(???),?,??? ? ? ??/??????(???)/?,109,7.1,2,15.7,,??????(???) ??
eopaeryu-mic-geu-jepum-tongci,??? ? ? ??,??,?,??? ? ? ??/??/?,138,20,5.7,0.1,,"??, ??"
eopaeryu-mic-geu-jepum-turaci,??? ? ? ??,???,?,??? ? ? ??/???/?,79,18.1,0.1,0.5,,"???, ??"
eopaeryu-mic-geu-jepum-tilrapia,??? ? ? ??,????,?,??? ? ? ??/????/?,126,19.3,4.7,0.2,,"????, ??"
eopaeryu-mic-geu-jepum-pureongtonggumeong,??? ? ? ??,?????,?,??? ? ? ??/?????/?,76,17.4,0.2,0.2,,"?????, ??"
eopaeryu-mic-geu-jepum-pulbanji,??? ? ? ??,???,?,??? ? ? ??/???/?,167,16.9,10.1,0.2,,"???, ??"
eopaeryu-mic-geu-jepum-pirami,??? ? ? ??,???,?,??? ? ? ??/???/?,105,18.5,2.8,0.2,,"???, ??"
eopaeryu-mic-geu-jepum-haggongci,??? ? ? ??,???,?,??? ? ? ??/???/?,325,59.1,2,17.7,,"???, ??, ???, ???? ???"
eopaeryu-mic-geu-jepum-hanci,??? ? ? ??,??,?,??? ? ? ??/??/?,81,14.9,1.8,0.3,,"??, ??"
eopaeryu-mic-geu-jepum-haesam,??? ? ? ??,??,?,??? ? ? ??/??/?,34,4.9,0.5,2.4,,"??, ??, ??, ???, ??, ??, ??, ??, ??, ??, ??"
eopaeryu-mic-geu-jepum-haepari,??? ? ? ??,???,?,??? ? ? ??/???/?,6,1.3,0,0.1,,"???, ??"
eopaeryu-mic-geu-jepum-hyangeo,??? ? ? ??,??,?,??? ? ? ??/??/?,158,18.4,8.7,0.1,,"??, ??"
eopaeryu-mic-geu-jepum-honggampeng,??? ? ? ??,???,?,??? ? ? ??/???/?,108,16.7,3.9,0.2,,"???, ??"
eopaeryu-mic-geu-jepum-hongeo,??? ? ? ??,??,?,??? ? ? ??/??/?,87,19.6,0.5,0,,"??, ??"
eopaeryu-mic-geu-jepum-hongci,??? ? ? ??,??,?,??? ? ? ??/??/?,93,18.9,1.4,0.1,,"??, ??"
eopaeryu-mic-geu-jepum-hwangmaetungi,??? ? ? ??,????,?,??? ? ? ??/????/?,97,20,1.3,0.1,,"????, ??"
eopaeryu-mic-geu-jepum-hwangsaeci,??? ? ? ??,???,?,??? ? ? ??/???/?,117,15.7,4.8,2.7,,"???, ??, ???, ???, ???, ??"
eopaeryu-mic-geu-jepum-hwangeo,??? ? ? ??,??,?,??? ? ? ??/??/?,95,18.3,1.8,0.2,,"??, ??"
eopaeryu-mic-geu-jepum-hoesdae,??? ? ? ??,??,?,??? ? ? ??/??/?,74,17.1,0.1,0.3,,"??, ????, ??"
eopaeryu-mic-geu-jepum-himeci,??? ? ? ??,???,?,??? ? ? ??/???/?,99,20.9,1.1,0,,"???, ??"
uyu-mic-geu-jepum-moyu,?? ? ? ??,??,?,?? ? ? ??/??/?,61,1.1,3.5,7.2,,??
uyu-mic-geu-jepum-bunyu,?? ? ? ??,??,?,?? ? ? ??/??/?,498,13.98,23.93,56.6,47.28,"??, ??, 1??, ??, 2??, ??, 3??, ??, ??, ??, ??"
uyu-mic-geu-jepum-sanyangyu,?? ? ? ??,???,?,?? ? ? ??/???/?,62,3.16,3.62,4.03,3.48,???
uyu-mic-geu-jepum-syeobeos,?? ? ? ??,??,?,?? ? ? ??/??/?,143,0.83,2.05,30.31,21.83,??
uyu-mic-geu-jepum-aiseumilkeu,?? ? ? ??,?????,?,?? ? ? ??/?????/?,167,3.4,6.4,23.9,,?????
uyu-mic-geu-jepum-aiseukeurim,?? ? ? ??,?????,?,?? ? ? ??/?????/?,178,3.9,8,23.2,15.1,"?????, ???, ???12%, ?????, ???, ???14.5%, ?????, ????, ?????, ????, ???12%, ?????, ????, ???14.7%, ?????, ??? 8%, ?????, ??, ???, ?????, ??, ????, ?????, ??? ?????, ????"
uyu-mic-geu-jepum-yeonyu,?? ? ? ??,??,?,?? ? ? ??/??/?,126,5.56,5.73,13.1,5.05,"??, ??? ???, ??, ??? ???"
uyu-mic-geu-jepum-yogureuteu,?? ? ? ??,????,?,?? ? ? ??/????/?,86,2.67,3.09,11.98,5.905,"????, ??, ????, ??, ??, ????, ??(??), ???, ????, ??(??), ???, ????, ??(??), ???? ??, ????, ??(??), ???, ???? ??, ????, ??(??), ???, ???? ??, ????, ??(??), ???, ???? ??, ????, ??, ???, ????, ??, ???, ????, ??, ???"
uyu-mic-geu-jepum-uyu,?? ? ? ??,??,?,?? ? ? ??/??/?,63,2.98,2.77,6.53,3.85,"??, ??, ????, ???, ??, ????, ????, ??, ????, ???, ??, ????, ???, ??, ????, ???, ??, ??????, ??, ?????"
uyu-mic-geu-jepum-cijeu,?? ? ? ??,??,?,?? ? ? ??/??/?,300,19.8,24.26,0.46,0.46,"??, ??, ??, ????, ??, ???, ??, ????, ??, ????, ?????, ??, ??, ??, ??, ??, ??, ??, ??, ??, ???, ??, ??, ??, ????(???)"
uyu-mic-geu-jepum-keopikeurimeo,?? ? ? ??,?????,?,?? ? ? ??/?????/?,244,4.3,24.8,1.8,,"?????, ??, ?????, ?????, ??, ???"
uyu-mic-geu-jepum-keopikeurimeo-garu,?? ? ? ??,????? (??),??,?? ? ? ??/?????/??,514,1.57,29.11,62.2,4.29,"?????, ??"
uyu-mic-geu-jepum-keurim,?? ? ? ??,??,?,?? ? ? ??/??/?,354,2.01,35.55,6.43,0,"??, ???, ??, ??, ???, ??, ??, ???"
yujiryu-gocugireum,???,????,?,???/????/?,919,0.02,99.8,0,0,????
yujiryu-dalggireum,???,???,?,???/???/?,900,0,99.8,0,0,???
yujiryu-dwaejigireum,???,????,?,???/????/?,915,0,99.38,0.58,0,????
yujiryu-deulgireum,???,???,?,???/???/?,920,0,99.92,0.08,0,???
yujiryu-ddangkong,???,??,?,???/??/?,589,24.06,49.94,21.57,8.41,"?? ??, ?? ??, ??, ?? ??, ??"
yujiryu-ddangkonggireum,???,????,?,???/????/?,884,0,100,0,0,????
yujiryu-magarin,???,???,?,???/???/?,714,0.2,72.41,12.06,0,???
yujiryu-myeonsilyu,???,???,?,???/???/?,883,0,100,0,,???
yujiryu-beoteo,???,??,?,???/??/?,760,0.59,82.04,1.46,0.5,"??, ??, ??, ???"
yujiryu-bogsungassigireum,???,??????,?,???/??????/?,911,0.5,98.9,0.3,,??????
yujiryu-soegireum,???,???,?,???/???/?,869,0.2,99.8,0,,???
yujiryu-syoteuning,???,???,?,???/???/?,917,0,99.52,0.48,0,???
yujiryu-ssalgyeogireum-migangyu,???,????(???),?,???/????(???)/?,921,0,99.95,0.05,0,????(???)
yujiryu-amassiyu,???,????,?,???/????/?,884,0.11,99.98,0,0,????
yujiryu-amondeuyu,???,????,?,???/????/?,884,0,100,0,0,????
yujiryu-abokadoyu,???,?????,?,???/?????/?,917,0,99.52,0.48,0,?????
yujiryu-yeoneogireum,???,????,?,???/????/?,902,0,100,0,,????
yujiryu-ogsusugireum,???,?????,?,???/?????/?,919,0,99.74,0.17,0,?????
yujiryu-olribeuyu,???,????,?,???/????/?,921,0,100,0,0,????
yujiryu-yucaessigireum,???,?????,?,???/?????/?,920,0.02,99.85,0.1,0,?????
yujiryu-isggocssigireum,???,?????,?,???/?????/?,892,0,100,0,,?????
yujiryu-camgireum,???,???,?,???/???/?,920,0,99.84,0.13,0,???
yujiryu-kokoneosyu,???,????,?,???/????/?,918,0,99.67,0.33,0,????
yujiryu-konggireum,???,???,?,???/???/?,921,0,99.96,0,0,???
yujiryu-pamyu,???,??,?,???/??/?,917,0,99.56,0.44,0,??
yujiryu-podossiyu,???,????,?,???/????/?,920,0,99.93,0.01,0,????
yujiryu-haebaragiyu,???,?????,?,???/?????/?,918,0,99.68,0.28,0,?????
yujiryu-hoduyu,???,???,?,???/???/?,917,0,99.57,0.39,0,???
yujiryu-honhabsigmulseongyu,???,??????,?,???/??????/?,886,0,100,0,,??????
yugryu-mic-geu-jepum-geowi,?? ? ? ??,??,?,?? ? ? ??/??/?,133,16.37,4.28,6.32,,"?? ???, ?, ??"
yugryu-mic-geu-jepum-geowigogi,?? ? ? ??,????,?,?? ? ? ??/????/?,238,28.97,12.67,0,,"????, ???, ??, ????, ???, ???"
yugryu-mic-geu-jepum-goraegogi,?? ? ? ??,????,?,?? ? ? ??/????/?,111,26.5,0.5,0,0,"????, ??, ????, ???, ??"
yugryu-mic-geu-jepum-ggweonggogi,?? ? ? ??,???,?,?? ? ? ??/???/?,122,27.35,0.7,0,,"???, ??, ??, ???, ??, ??"
yugryu-mic-geu-jepum-dalg,?? ? ? ??,?,?,?? ? ? ??/?/?,154,18.54,6.53,3.58,0,"? ???, ?, ??, ? ???, ?, ???, ? ???, ?, ???(?), ? ???, ?????, ??, ? ???, ?????, ???(??), ? ???, ??, ??, ? ???, ??, ???, ? ???, ??, ???(?), ? ???, ??, ??, ? ???, ??, ???, ? ???, ??, ??, ? ??"
yugryu-mic-geu-jepum-dalggaseumsal,?? ? ? ??,????,?,?? ? ? ??/????/?,145,17.8,3.98,9.6,3.53,"????, ????, ???? ??"
yugryu-mic-geu-jepum-dalggaseumsal-tongjorim,?? ? ? ??,???? (???),???,?? ? ? ??/????/???,109,23.69,1.57,0.14,0,"????, ???, ??"
yugryu-mic-geu-jepum-dalggogi,?? ? ? ??,???,?,?? ? ? ??/???/?,180,19,10.6,0.1,,"???, ???, ??, ???, ???, ???, ???, ???, ???, ???, ???(???), ???, ??, ???, ???, ??, ??, ???, ??, ???, ???, ??, ???(?), ???, ??, ???(???), ???, ??, ??, ???, ??, ???, ???, ??, ???(??), ???, ??, ???(???), ???, ??(????), ??, ???, ??(????), ???, ???, ??(????), ???(?), ???, ??(????), ???(???), ???, ??(????), ??, ???, ??(????), ???, ???, ??(????), ???(??), ???, ??(????), ???(???), ???, ?, ??, ???, ?, ???(???), ???, ??, ??, ???, ??, ???, ???, ???, ??, ???, ??, ??, ???, ??, ???, ???, ??, ??, ???, ??, ??, ???, ??, ??, ???, ??, ??"
yugryu-mic-geu-jepum-dalgggoci,?? ? ? ??,???,?,?? ? ? ??/???/?,252,16.5,12.2,19.1,,???
yugryu-mic-geu-jepum-dalgbbyeo,?? ? ? ??,??,?,?? ? ? ??/??/?,7,0.9,0.4,,,?? ??
yugryu-mic-geu-jepum-dwaeji,?? ? ? ??,??,?,?? ? ? ??/??/?,112,17.3,4.1,0,,"?? ???, ?, ??, ?? ???, ?, ???, ?? ???, ??, ??, ?? ???, ??, ???, ?? ???, ??, ??, ?? ???, ????, ???, ?? ???, ??, ??, ?? ???, ??(??), ??, ?? ???, ??(??), ???, ?? ???, ??, ??, ?? ???, ??, ???, ?? ???, ??(??), ??, ?? ???, ??(??), ???, ?? ???, ?(?????), ??, ?? ???, ?(?????), ???, ?? ???, ??, ??, ?? ???, ??, ??, ?? ???, ??, ???, ?? ???, ??, ??, ???, ?? ???, ??, ??, ?? ???, ??, ??, ?? ???, ??, ??, ?? ???, ??, ???"
yugryu-mic-geu-jepum-dwaejigogi,?? ? ? ??,????,?,?? ? ? ??/????/?,161,20.56,7.92,0,0,"????, ???, ??, ????, ??, ??, ????, ??, ???, ????, ??, ???(?), ????, ???, ??, ????, ???, ???, ????, ???, ???(?), ????, ???(????), ??, ????, ???(????), ??, ????, ???(???), ??, ????, ???(???), ??, ????, ???(???), ??, ????, ???(????), ??, ????, ??, ??, ????, ??, ???, ????, ??, ???(?), ????, ??(???), ??, ????, ??(????), ??, ????, ??(????), ??, ????, ??, ??, ????, ??, ???, ????, ??, ???(?), ????, ??, ??, ????, ??, ???, ????, ??, ???(?), ????, ???, ??, ????, ???, ???, ????, ???, ???(?), ????, ???(????), ??, ????, ???(???), ??, ????, ???(???), ??, ????, ???(????), ??, ????, ???(???), ??, ????, ??, ??, ????, ??, ???, ????, ??, ???(?), ????, ???, ??, ????, ???(???), ??, ????, ???(???), ??, ????, ???(????), ??, ????, ???(????), ??, ????, ???(???), ??, ????, ???(???), ??, ????, ???, ???, ??, ????, ???"
yugryu-mic-geu-jepum-dwaejibulgogi,?? ? ? ??,?????,?,?? ? ? ??/?????/?,128,14.1,6.9,2.4,,"?????, ??"
yugryu-mic-geu-jepum-malgogi,?? ? ? ??,???,?,?? ? ? ??/???/?,102,20.1,2.5,0.3,,"???, ???, ??"
yugryu-mic-geu-jepum-mecurigogi,?? ? ? ??,?????,?,?? ? ? ??/?????/?,194,20.5,12.9,0.1,,"?????, ??"
yugryu-mic-geu-jepum-mesdwaejigogi,?? ? ? ??,?????,?,?? ? ? ??/?????/?,249,18.8,19.8,0.5,,"?????, ??, ?????, ???, ??"
yugryu-mic-geu-jepum-beikeon,?? ? ? ??,???,?,?? ? ? ??/???/?,260,21.24,17.87,3.58,0.31,"???, ???, ???, ???, ???(?)"
yugryu-mic-geu-jepum-so,?? ? ? ??,?,?,?? ? ? ??/?/?,112,17.72,3.94,0.14,0,"? ???, ?, ??, ? ???, ?, ???, ? ???, ?, ???(?), ? ???, ?, ??, ? ???, ??, ??, ? ???, ??(?), ??, ? ???, ??(??), ??, ? ???, ??, ??, ? ???, ??, ???, ? ???, ??, ??, ? ???, ??, ???, ? ???, ?(?), ??, ? ???, ?(?), ???, ? ???, ??, ??, ? ???, ??, ??, ? ???, ??, ???, ? ???, ?, ??"
yugryu-mic-geu-jepum-sogogi,?? ? ? ??,???,?,?? ? ? ??/???/?,217,20.12,13.96,0,0,"???, ???, ??, ???(??), ???, ???, ??(???), ??, ???, ???, ??(???), ???, ???, ???, ??, ???, ???, ???, ??, ???(??), ???, ???, ??(???), ???, ???, ??, ??, ??, ???, ??, ??, ??, ???, ??, ??, ???, ???, ??, ??, ???(?), ???, ??, ??, ??, ???, ??, ??, ???, ???, ??, ??, ???(?), ???, ??, ??, ??, ???, ??(1++??), ???, ??, ???, ??(1++??), ??, ??, ???, ??(1++??), ??(???), ??, ???, ??(1++??), ??(???), ??, ???, ??(1++??), ??(???), ??, ???, ??(1++??), ??(????), ??, ???, ??(1++??), ??(???), ??, ???, ??(1++??), ??(???), ??, ???, ??(1++??), ??, ??, ???, ??(1++??), ??(????), ??, ???, ??(1++??), ??(???), ??, ???, ??(1++??), ??(?????), ??, ???, ??(1++??), ??(????), ??, ???, ??(1++??), ??, ??, ???, ??(1++??), ??, ??, ???, ??(1++??), ??(???), ??, ???, ??(1++??), ??(????), ??, ???, ??(1++??), ??(???), ??, ???, ??(1++??)"
yugryu-mic-geu-jepum-sobulgogi,?? ? ? ??,????,?,?? ? ? ??/????/?,186,10.33,13.1,6.73,3.34,"????, ???"
yugryu-mic-geu-jepum-sosiji,?? ? ? ??,???,?,?? ? ? ??/???/?,242,12.5,21,2.9,1.1,"???, ???, ???, ?????, ???, ??????, ???, ??(???)???, ???, ???????, ???, ?????????"
yugryu-mic-geu-jepum-songaji,?? ? ? ??,???,?,?? ? ? ??/???/?,110,17.18,3.98,0.08,,"??? ???, ???, ?, ??, ??? ???, ???, ?, ???, ??? ???, ???, ?, ??, ??? ???, ???, ?, ???, ??? ???, ???, ??, ??, ??? ???, ???, ??, ???, ??? ???, ???, ??, ??, ??? ???, ???, ??, ???, ??? ???, ???, ??, ??, ??? ???, ???, ??, ???, ??? ???, ???, ?, ??, ??? ???, ???, ?, ???"
yugryu-mic-geu-jepum-songajigogi,?? ? ? ??,?????,?,?? ? ? ??/?????/?,202,25.14,10.45,0,0,"?????, ???, ??, ??, ?????, ???, ??, ???, ?????, ???, ??, ???, ?????, ???, ??, ??, ?????, ???, ??, ???, ?????, ???, ??, ???, ?????, ???, ???, ??, ?????, ???, ???, ???, ?????, ???, ??, ??, ?????, ???, ??, ???, ?????, ???, ??, ???, ?????, ???, ??(???), ??, ?????, ???, ??(???), ???, ?????, ???, ??(???), ???(??)"
yugryu-mic-geu-jepum-sundae,?? ? ? ??,??,?,?? ? ? ??/??/?,150,9.22,7.37,11.65,2.36,"??, ?? ?? ???, ??, ?? ?? ???"
yugryu-mic-geu-jepum-yanggogi,?? ? ? ??,???,?,?? ? ? ??/???/?,205,18.8,15.3,0.1,,"???, ???, ??, ??"
yugryu-mic-geu-jepum-yangjigugmul,?? ? ? ??,????,?,?? ? ? ??/????/?,4,1,0,0,,????
yugryu-mic-geu-jepum-eorinyang,?? ? ? ??,???,?,?? ? ? ??/???/?,220,30.57,8.81,2.53,,"??? ???, ???, ?, ??, ??? ???, ???, ?, ???"
yugryu-mic-geu-jepum-eorinyanggogi,?? ? ? ??,?????,?,?? ? ? ??/?????/?,276,22.51,19.97,0,0,"?????, ???, ??, ??, ?????, ???, ??, ???(??), ?????, ???, ??, ??, ?????, ???, ??, ???(??), ?????, ???, ???, ??, ?????, ???, ??, ??, ?????, ???, ??, ???, ?????, ???, ??, ???(??)"
yugryu-mic-geu-jepum-yeomsogogi,?? ? ? ??,????,?,?? ? ? ??/????/?,181,19.88,10.31,0,0,"????, ??, ????, ???, ????, ???, ??"
yugryu-mic-geu-jepum-origogi,?? ? ? ??,????,?,?? ? ? ??/????/?,277,28.74,16.58,0,0,"????, ???, ??, ????, ??, ?? ??, ????, ???, ?? ??, ????, ???(?), ?? ??, ????, ????, ????, ????, ???(?)"
yugryu-mic-geu-jepum-ujoggugmul,?? ? ? ??,????,?,?? ? ? ??/????/?,2,0.3,0.1,0,,"????, ??3??"
yugryu-mic-geu-jepum-jaragogi,?? ? ? ??,????,?,?? ? ? ??/????/?,175,16.4,13.4,0.5,,"????, ???, ??"
yugryu-mic-geu-jepum-jabbbyeogugmul,?? ? ? ??,????,?,?? ? ? ??/????/?,28,4.3,1,0,,????
yugryu-mic-geu-jepum-cikinneoges,?? ? ? ??,????,?,?? ? ? ??/????/?,332,15.3,22.7,16.63,1.12,"????, ??, ????, ??, ???"
yugryu-mic-geu-jepum-cilmyeonjogogi,?? ? ? ??,?????,?,?? ? ? ??/?????/?,144,21.64,5.64,0.13,0.07,"?????, ??, ?????, ???"
yugryu-mic-geu-jepum-toggigogi,?? ? ? ??,????,?,?? ? ? ??/????/?,161,20.97,7.68,0,0.62,"????, ???, ??, ????, ???, ???, ????, ???, ??, ????, ???, ???"
yugryu-mic-geu-jepum-pokeukeoteulris,?? ? ? ??,?????,?,?? ? ? ??/?????/?,365,16.6,23.7,21.2,,"?????, ??, ?????, ??, ???(???)"
yugryu-mic-geu-jepum-haem,?? ? ? ??,?,?,?? ? ? ??/?/?,203,17.26,13.14,3.94,1.54,"?, ???, ?, ?????, ?, ?????, ???, ?, ?????, ???(?), ?, ????, ?, ????, ???, ?, ????, ???(?)"
yugryu-mic-geu-jepum-haem-tongjorim,?? ? ? ??,? (???),???,?? ? ? ??/?/???,303,14.66,26.49,1.48,1.17,"?, ???, ????? ??? ??, ?, ???, ????? ??? ??, ???, ?, ???, ????? ??? ??, ???(?), ?, ???, ???? ??, ?, ???, ???? ??, ???(??), ?, ???, ???? ??, ???(?)"
eumryoryu-remoneideu,???,?????,?,???/?????/?,38,0,0,9.56,8.71,?????
eumryoryu-maesil,???,??,?,???/??/?,44,0.06,0.01,11.02,9.85,?? ??
eumryoryu-saengsu,???,??,?,???/??/?,0,0,0,0,0,??
eumryoryu-syeikeu,???,???,?,???/???/?,113,3.4,2.8,18.9,,"???, ???, ???, ????, ???, ????"
eumryoryu-sujeonggwa,???,???,?,???/???/?,33,0.04,0.04,8.04,8.04,"???, ?"
eumryoryu-sigco,???,??,?,???/??/?,93,0.2,0.08,22.82,21.95,"?? ??, ??, ?? ??, ??"
eumryoryu-sighye,???,??,?,???/??/?,32,0.06,0,7.91,5.94,"??, ?"
eumryoryu-ssal,???,?,?,???/?/?,55,0.14,0.9,11.52,5.74,? ??
eumryoryu-ion,???,??,?,???/??/?,37,0,0,9.16,5.62,"?? ??, ???"
eumryoryu-jeojsan,???,??,?,???/??/?,36,0.21,0.01,8.85,7.32,"?? ??, ????"
eumryoryu-caeso,???,??,?,???/??/?,39,0.86,0.05,8.66,7.13,"?? ??, ?? ??, ??"
eumryoryu-tansan,???,??,?,???/??/?,40,0,0,9.98,8.81,"?? ??, ????, ?? ??, ????, ?? ??, ??? ??, ?? ??, ???, ?? ??, ???, ?? ??, ?????, ?? ??, ??????, ?? ??, ??????, ?? ??, ????, ?? ??, ??? ??, ?? ??, ??, ?? ??, ??????, ?? ??, ????"
eumryoryu-tonigweoteo,???,????,?,???/????/?,34,0,0,8.8,8.8,????
eumryoryu-honhab,???,??,?,???/??/?,42,0.01,0,10.47,9.83,"?? ??, ? ??, ?? ??, ???C ??, ?? ??, ??? ??"
jorigagongsigpumryu-gimmalitwigim,???????,?????,?,???????/?????/?,168,1.89,4.54,29.95,1.81,"?????, ??, ?????, ??, ???"
jorigagongsigpumryu-naengmyeon,???????,??,?,???????/??/?,174,0.83,0.05,42.63,30.94,"?? ??, ??, ?? ??"
jorigagongsigpumryu-donjeonya-donggeurangddaeng,???????,???(????),?,???????/???(????)/?,228,10.66,18.23,5.29,2.17,"???(????), ??, ???(????), ??, ???(?)"
jorigagongsigpumryu-ramyeon,???????,??,?,???????/??/?,189,3.38,5.67,31.01,1.81,"??, ???, ??, ???, ??, ??, ???, ??, ?, ???, ??, ????, ???, ??, ????, ???, ??, ????, ???, ??, ????, ???, ??, ????, ???, ??, ????, ??, ???, ??, ????, ?, ???, ??, ????, ????, ???, ??, ????, ????, ???"
jorigagongsigpumryu-mandu,???????,??,?,???????/??/?,194,7.95,7.925,22.685,2.205,"??, ?? ??, ??, ??, ?? ??, ??, ???, ??, ?? ??, ??, ??, ?? ??, ??, ???"
jorigagongsigpumryu-miteubol,???????,???,?,???????/???/?,199,,,,,"???, ??"
jorigagongsigpumryu-boggeumbab,???????,???,?,???????/???/?,165,3.84,3.35,29.98,1.78,"???, ?? ???"
jorigagongsigpumryu-sagolgug,???????,???,?,???????/???/?,12,1.76,0.38,0.35,0,"???, ????"
jorigagongsigpumryu-saendeuwici,???????,????,?,???????/????/?,244,15.17,10.3,22.21,3.84,"????, ???, ????, ??, ????, ???, ????, ?, ??, ??"
jorigagongsigpumryu-seutyu,???????,??,?,???????/??/?,153,,,,,"??, ????"
jorigagongsigpumryu-seupageti,???????,????,?,???????/????/?,90,5.05,1.01,15.24,2.6,"????, ???? ????, ??"
jorigagongsigpumryu-seupeu-garu,???????,?? (??),??,???????/??/??,46,0.83,1.48,7.33,2.64,"??, ??? ??, ??, ??, ??? ??, ??, ???, ??, ??? ??, ??, ??, ??? ??, ??, ???, ??, ??? ??, ??, ??, ??? ??, ??, ???, ??, ?? ??, ??, ??, ?? ??, ??, ???"
jorigagongsigpumryu-yeonipbab,???????,???,?,???????/???/?,207,4,0.3,47,,???
jorigagongsigpumryu-cobab,???????,??,?,???????/??/?,165,4.32,2.51,31.26,2.11,"??, ?? ??"
jorigagongsigpumryu-cijeuseutig,???????,????,?,???????/????/?,329,16,18.78,24,2.08,"????, ??, ????, ??, ???"
jorigagongsigpumryu-keurokes,???????,???,?,???????/???/?,157,4.6,4.9,25.3,,"???, ?? ???, ??, ???, ?? ???, ??, ???, ?? ???, ??"
jorigagongsigpumryu-pija,???????,??,?,???????/??/?,269,13.46,9.79,31.84,4.25,"??, ??? ??, ??, ????? ??, ??, ????? ??, ??, ????? ??"
jorigagongsigpumryu-hasdogeu,???????,???,?,???????/???/?,267,8.09,10.55,34.97,7.02,"???, ??"
jorigagongsigpumryu-haembeogeo,???????,???,?,???????/???/?,229,9.55,13.23,18.01,4.78,"???, ?????, ???, ?????, ???, ???, ??"
jomiryoryu-ganjang,????,??,?,????/??/?,54,7.41,0.19,5.59,2.78,"??, ??, ??, ??, ??, ???, ??, ??, ??, ????"
jomiryoryu-ganghwang-garu,????,?? (??),??,????/??/??,331,6.66,3.21,74.34,3.3,"??, ??"
jomiryoryu-gyeoja,????,??,?,????/??/?,296,8.01,12.7,37.36,19.5,?? ????
jomiryoryu-gyepi-garu,????,?? (??),??,????/??/??,349,3.63,1.15,80.93,1.93,"??, ??"
jomiryoryu-gogi-tongjorim,????,?? (???),???,????/??/???,96,3.8,5,10.1,,"?? ??, ???"
jomiryoryu-goldeunseiji,????,?????,?,????/?????/?,385,1.6,9.3,73.6,,"?????, ???"
jomiryoryu-gul,????,?,?,????/?/?,117,2.07,0.05,27.14,20.64,? ??
jomiryoryu-nasto,????,??,?,????/??/?,181,17.24,8.47,9.95,0.44,??
jomiryoryu-deriyaggi,????,????,?,????/????/?,152,1.82,0.1,36.07,26.34,???? ??
jomiryoryu-dwaejibulgogi,????,?????,?,????/?????/?,180,3.03,0.7,40.39,36.22,????? ??
jomiryoryu-doenjang,????,??,?,????/??/?,173,12.5,5.59,18.5,5.4,"??, ??, ??, ??, ???, ??, ??, ??, ??"
jomiryoryu-dubanjang,????,???,?,????/???/?,94,3.04,2.41,15.05,7.63,???
jomiryoryu-ramyeon,????,??,?,????/??/?,350,13.28,5.68,61.41,21.71,"?? ??? ??, ?? ??? ??, ????, ?? ??? ??, ????, ?? ??, ?? ??, ????, ?? ??, ????, ?? ??, ????, ???"
jomiryoryu-maneul-garu,????,?? (??),??,????/??/??,349,18.62,0.98,66.44,2.87,"??, ??"
jomiryoryu-mara,????,??,?,????/??/?,415,5.15,39.24,10.4,3.23,"?? ??, ??, ?? ??"
jomiryoryu-mayonejeu,????,????,?,????/????/?,682,0.95,72.56,6.39,1.55,"????, ????, ????"
jomiryoryu-massul,????,??,?,????/??/?,146,0.3,0.3,35.5,,??
jomiryoryu-meoseutadeu,????,????,?,????/????/?,69,4.1,3,6.39,0.73,"???? ??, ???? ??, ???"
jomiryoryu-miso,????,??,?,????/??/?,187,11.71,6.03,21.84,5.55,??
jomiryoryu-babikyu,????,???,?,????/???/?,143,1.38,0.54,33.08,25.97,??? ??
jomiryoryu-balsamig,????,???,?,????/???/?,182,0.67,0.02,44.86,37.03,??? ??
jomiryoryu-saelreodeu,????,???,?,????/???/?,287,1,23.23,18.44,10.79,"??? ???, ????????, ??? ???, ????, ??? ???, ????, ??? ???, ????, ??? ???, ???"
jomiryoryu-saenggang,????,??,?,????/??/?,41,0.7,0.6,8.6,,?? ????
jomiryoryu-saenggang-garu,????,?? (??),??,????/??/??,367,12.55,3.29,71.74,2.27,"??, ??"
jomiryoryu-sogeum,????,??,?,????/??/?,16,0,0,4,0,"??, ???, ???, ??, ???, ??, ??, ???, ????(??), ??, ???, ??, ???, ??, ???, ????, ??, ???, ????, ??, ????, ??, ???, ???, ??, ???, ???, ??, ???, ???, ??, ???, ???"
jomiryoryu-sobulgogi,????,????,?,????/????/?,181,2.17,0.01,42.98,28.19,???? ??
jomiryoryu-suggi,????,??,?,????/??/?,117,1.53,0.27,27.16,13.85,"?? ??, ?? ??, ??, ?? ??, ???"
jomiryoryu-seuriraca,????,????,?,????/????/?,77,1.59,0.63,16.22,13.67,???? ??
jomiryoryu-seupageti,????,????,?,????/????/?,188,2.41,17.23,5.95,1.8,"???? ??, ??, ???, ???? ??, ???, ???"
jomiryoryu-sigco,????,??,?,????/??/?,22,0.11,0,5.45,3,"??, ???, ??, ???, ??, ???, ??, ????, ??, ???, ??, ??, ??, ????, ??, ????"
jomiryoryu-ssamjang,????,??,?,????/??/?,240,9.88,4.81,39.18,21.08,??
jomiryoryu-yangnyeomdalg,????,???,?,????/???/?,200,1.26,0.24,48.27,25.42,??? ??
jomiryoryu-yangpa-garu,????,?? (??),??,????/??/??,354,8.47,0.8,78.16,36.4,"??, ??"
jomiryoryu-yangpasijeuning,????,?????,?,????/?????/?,372,7.98,7.8,67.59,37.19,?????
jomiryoryu-olseupaiseu-garu,????,????? (??),??,????/?????/??,364,5.6,5.6,75.2,,"?????, ??"
jomiryoryu-udong,????,??,?,????/??/?,514,9.32,28.57,55.03,5.27,"?? ??? ??, ?? ??? ??, ???"
jomiryoryu-useuteo,????,???,?,????/???/?,62,0.47,0.06,14.91,14.89,??? ??
jomiryoryu-ulgeum-garu,????,?? (??),??,????/??/??,328,7.77,3.02,73.15,3.68,"??, ??"
jomiryoryu-yugdugu-garu,????,??? (??),??,????/???/??,520,5.7,38.5,47.5,,"???, ??"
jomiryoryu-jeonghyang-garu,????,?? (??),??,????/??/??,398,7.2,13.6,66.4,,"??, ??"
jomiryoryu-jomiryo,????,???,?,????/???/?,66,6.78,0.07,9.6,0,"???, ??"
jomiryoryu-jomiryo-garu,????,??? (??),??,????/???/??,211,14.12,2.81,32.37,4.51,"???, ???, ??, ???, ???, ??, ???, ????, ??, ???, ???, ??, ???, ?????, ??"
jomiryoryu-jjajang,????,??,?,????/??/?,93,2.42,3.22,13.5,0,"?? ??, ????, ?? ??, ??"
jomiryoryu-jjajang-garu,????,?? (??),??,????/??/??,351,10.51,4.33,67.42,10.23,"?? ??, ??"
jomiryoryu-ceonggugjang,????,???,?,????/???/?,217,20.79,9.61,12.8,1.86,"???, ???, ???"
jomiryoryu-ceonggugjang-garu,????,??? (??),??,????/???/??,459,41.83,21.61,26.81,0.66,"???, ??"
jomiryoryu-cijeusijeuning,????,?????,?,????/?????/?,386,9.5,13.6,56.31,40.73,?????
jomiryoryu-cikin,????,??,?,????/??/?,108,7.05,0.72,17.3,6.4,"?? ??, ??"
jomiryoryu-cikin-garu,????,?? (??),??,????/??/??,195,11.36,2.13,30.81,10.57,"?? ??, ??"
jomiryoryu-cilri,????,??,?,????/??/?,112,1.8,0.1,26.3,,"?? ??, ?? ??, ??"
jomiryoryu-cilri-garu,????,?? (??),??,????/??/??,374,15,8.2,60.1,,"??, ??"
jomiryoryu-kare,????,??,?,????/??/?,72,2.47,1.89,11.39,7.41,"?? ??, ????"
jomiryoryu-kare-garu,????,?? (??),??,????/??/??,425,8.38,18.69,55.76,6.66,"?? ??, ??"
jomiryoryu-taim-garu,????,?? (??),??,????/??/??,342,6.5,5.2,69.8,,"??, ??"
jomiryoryu-tangsuyug,????,???,?,????/???/?,130,0.37,0.16,31.73,23.18,??? ??
jomiryoryu-tempe,????,??,?,????/??/?,192,20.29,10.8,7.64,,??
jomiryoryu-tomato,????,???,?,????/???/?,125,1.8,0.12,29.2,20.76,"??? ??, ??? ??"
jomiryoryu-papeurika-garu,????,???? (??),??,????/????/??,385,15.5,11.6,55.6,,"????, ??"
jomiryoryu-pastai,????,???,?,????/???/?,87,0.91,0.39,20.03,16.27,??? ??
jomiryoryu-pokeukeoteulris,????,?????,?,????/?????/?,133,0.6,0.02,32.54,22.31,????? ??
jomiryoryu-hairaiseu-garu,????,????? (??),??,????/?????/??,379,7.61,10.22,64.19,21.73,"?????, ??"
jomiryoryu-has,????,?,?,????/?/?,47,1.44,0.63,8.8,5.72,? ??
jomiryoryu-haeseonjang,????,???,?,????/???/?,230,1.65,3.26,48.42,44.03,???
jomiryoryu-heonimeoseutadeu,????,??????,?,????/??????/?,338,1.24,25.15,26.55,21.03,?????? ??
jomiryoryu-hucu-garu,????,?? (??),??,????/??/??,376,10.1,6.4,70.1,,"??, ???, ??, ??, ??, ??"
juryu-balhyoju,??,???,?,??/???/?,45,0.4,,3.6,,"???, ???, ???, ???, ???, ????, ??? 15%, ???, ???, ???, ??? 6%, ???, ???, ???, ????, ????, ???, ???, ???, ????, ????, ???, ???, ???, ????, ?????, ???, ???, ???, ????, ??? 13%, ???, ??, ??? 4.5%, ???, ??, ?, ??? 4.5%, ???, ??, ???, ??? 4.2%, ???, ??, ???, ??? 15%, ???, ??, ??? 16%, ???, ??, ???, ??? 6%, ???, ??, ???, ???, ??? 10%, ???, ??, ???, ???, ??, ??? 8.5%"
caryu-gyeolmyeongjaca,??,????,?,??/????/?,390,19.07,6.57,63.78,2.77,"????, ???, ????"
caryu-gyepica-garu,??,??? (??),??,??/???/??,357,0,1.4,89,,"???, ??"
caryu-gugijaca,??,????,?,??/????/?,384,14.6,10.7,57.2,,"????, ???, ????"
caryu-gujeolcoca,??,????,?,??/????/?,345,11.1,1.3,72.1,,"????, ???"
caryu-gughwaca,??,???,?,??/???/?,358,14.5,2.3,69.9,,"???, ???, ???"
caryu-nogca,??,??,?,??/??/?,329,16.8,1,63.3,,"??, ???, ??, ????, ???, ??, ???, ???, ??, ??, ??"
caryu-nogca-garu,??,?? (??),??,??/??/??,379,22.37,2.47,66.91,,"??, ??"
caryu-nogcarate-garu,??,???? (??),??,??/????/??,466,5.28,17.16,72.5,28.9,"????, ??, ????, ??, ?? ??"
caryu-daecuca,??,???,?,??/???/?,75,0.12,0.44,17.75,12.4,???
caryu-dorajica,??,????,?,??/????/?,22,0.3,,5.1,,????
caryu-ducungca-garu,??,??? (??),??,??/???/??,354,14.3,3.8,67.9,,"???, ??"
caryu-sagwaca,??,???,?,??/???/?,167,0.1,0,41.6,,???
caryu-sangjica,??,???,?,??/???/?,360,6,2.4,78.6,,"???, ???"
caryu-saenggangca-garu,??,??? (??),??,??/???/??,353,0.1,0.2,90.7,,"???, ??"
caryu-saenggangceong,??,???,?,??/???/?,246,0.1,0.65,59.9,57.61,???
caryu-ssanghwaca-garu,??,??? (??),??,??/???/??,411,1.64,3.81,92.61,42.6,"???, ??"
caryu-ssugca,??,??,?,??/??/?,338,26.3,0.8,56.4,,"??, ???"
caryu-yakonca,??,???,?,??/???/?,98,0.6,0,24,,???
caryu-omijaca,??,????,?,??/????/?,371,16.3,7,60.8,,"????, ???"
caryu-yujaca,??,???,?,??/???/?,30,0.04,0.01,7.51,6.51,"???, ???, ??? ??"
caryu-yujaceong,??,???,?,??/???/?,251,0.39,0.1,62.03,58.81,???
caryu-yulmuca-garu,??,??? (??),??,??/???/??,463,8.57,17.17,68.56,23.46,"???, ??"
caryu-insamca-garu,??,??? (??),??,??/???/??,397,0.89,0.78,96.52,82.5,"???, ???, ??, ???, ???, ??, ?? ??"
caryu-cikeorica,??,????,?,??/????/?,369,7.3,0.2,84.6,,"????, ???"
caryu-kaperate-garu,??,???? (??),??,??/????/??,497,6.88,25.11,60.8,24,"????, ??, ????, ????, ??, ?? ??(?? 14.2g)"
caryu-keopi,??,??,?,??/??/?,38,0.81,0.12,8.34,7.06,"??, ?????(2?), ??, ?????, ??, ??, ??, ?, ??, ????, ????, ??, ????, ????, ??, ????, ?? ??(?? 1g), ??, ????, ??, ????, ??, ????, ??, ?? ??(?? 2.7g), ??, ????, ??, ??, ????, ??, ????, ??, ??, ?? ??(?? 12g)"
caryu-heosgae,??,??,?,??/??/?,1,0,0,0.26,0.05,?? ??
caryu-hongsam,??,??,?,??/??/?,40,0.28,0.24,9.27,6.32,?? ??
caryu-hongsamca-garu,??,??? (??),??,??/???/??,382,1.3,0.7,95.8,,"???, ??"
caryu-hongca,??,??,?,??/??/?,30,0,0,7.59,6.27,"??, ??, ??, ??, ???, ?, ??, ???, ?"
caryu-hongca-garu,??,?? (??),??,??/??/??,397.5,0.25,0.05,98.825,94.83,"??, ??, ??, ??, ???, ??"
caesoryu-goguma,???,???,?,???/???/?,23,0.74,0.06,4.96,0.33,"???, ?, ??, ???, ?, ???, ???, ??, ??, ???, ??, ???, ???, ??, ???, ???, ??, ??? ???, ???, ???, ??, ?? ??, ??, ???, ??, ?? ??, ???, ???, ??, ?? ??, ??? ???, ???, ??, ?? ??, ??? ???, ???"
caesoryu-gocunaengi,???,????,?,???/????/?,103,2.9,0.5,23.7,,"????, ??, ??, ????, ???, ??"
caesoryu-gimci,???,??,?,???/??/?,37,1.85,0.43,6.49,2.4,"??, ???, ??, ????, ??, ???, ??, ?? ??, ??, ???, ??, ?? ??, ??, ?? ??, ? ??, ??, ?? ??, ?? ??, ??, ?? ??, ?? ??, ??, ???, ??, ?? ??, ??, ?? ???, ??, ?? ???, ??, ?? ??, ??, ?? ???, ??, ?? ??, ??, ? ??, ??, ????? ??"
caesoryu-nalgaekong,???,???,?,???/???/?,36,1.9,0.2,6.5,,"???, ??, ??"
caesoryu-danggeun,???,??,?,???/??/?,31,0.97,0.13,7.01,2.39,"??, ??, ??, ??, ??, ???, ?? ??, ?? ??, ?"
caesoryu-deodeog,???,??,?,???/??/?,80,2.28,0.76,17.58,4.86,"??, ??, ??, ??, ??, ???(?), ??, ?, ??, ??, ?, ???"
caesoryu-deodeog-garu,???,?? (??),??,???/??/??,339,11.19,0.77,78.38,15.09,"??, ??, ??"
caesoryu-doraji,???,???,?,???/???/?,58,1.75,0.15,13.42,0.61,"???, ??, ??, ???, ??, ???, ???, ??, ???, ???, ?, ??, ???, ?, ???"
caesoryu-doraji-garu,???,??? (??),??,???/???/??,339,12.53,1.12,76.65,5.96,"???, ??, ??"
caesoryu-deulggae,???,??,?,???/??/?,17,1.7,0.1,2.5,,"??, ?, ??"
caesoryu-deulggaesipjangajji,???,??????,?,???/??????/?,124,4.03,0.42,26,16.41,??????
caesoryu-deulggaesipjangajji-tongjorim,???,?????? (???),???,???/??????/???,76,4.7,1.7,10.4,,"??????, ???"
caesoryu-maneul,???,??,?,???/??/?,131,7.45,0.13,26.78,0.47,"??, ??, ??, ???, ??, ???, ???, ??, ???, ??, ????, ??, ???, ??, ??, ???, ???, ??, ???, ???, ???, ??, ???, ??, ??, ???, ??, ??, ???, ???, ??, ???, ???, ???, ??, ???, ???, ??, ???, ???, ??, ??, ???, ???, ???, ??, ???, ?? ???"
caesoryu-memil,???,??,?,???/??/?,24,1.9,1.2,1.9,,"??, ?, ??"
caesoryu-mu,???,?,?,???/?/?,21,0.755,0.145,4.625,2.595,"?, ???, ??, ?, ???, ???"
caesoryu-mu-jeolim,???,? (??),??,???/?/??,15,0.54,0.03,3.1,1.46,"? ??, ???, ? ??, ??, ? ??, ???"
caesoryu-mugugmul,???,???,?,???/???/?,3,0.16,0,0.55,0.36,???
caesoryu-mumalraengi,???,????,?,???/????/?,131,2.25,0.61,29.24,16.75,"????, ???, ????, ???, ???, ???? ??"
caesoryu-minariceong,???,????,?,???/????/?,120,0.36,0,33.48,28.49,????
caesoryu-bag,???,?,?,???/?/?,21,0.5,0.1,5.2,,"?, ??, ??, ?, ??, ? ??"
caesoryu-baegmogeun,???,???,?,???/???/?,337,9,2,77,,"???, ??, ???"
caesoryu-baeghab,???,??,?,???/??/?,118,3.34,1.52,24.91,0.44,"??, ??, ??"
caesoryu-biteu-tongjorim,???,?? (???),???,???/??/???,65,0.8,0.08,16.28,11.05,"?? ??, ???"
caesoryu-satangmu,???,???,?,???/???/?,77,1.8,0,18.7,,"???, ??"
caesoryu-saenggang,???,??,?,???/??/?,42,0.97,0.15,9.82,0.45,"??, ????, ??, ??, ????, ???, ??, ??, ??, ???, ?? ??"
caesoryu-seoninjang,???,???,?,???/???/?,83,0.97,0.19,19.35,2.53,"???, ?????, ??, ??, ???, ?????, ??, ??, ???, ?????, ??, ??, ???, ?????, ??, ??"
caesoryu-soegwinamul,???,????,?,???/????/?,128.5,6.25,0.1,26.9,,"????, ??, ??, ????, ??, ???"
caesoryu-sunmu,???,??,?,???/??/?,27.5,1.41,0.09,5.84,2.295,"??, ??, ??, ??, ??, ???, ??, ??, ??, ??, ??, ???, ??, ?, ??, ??, ?, ???"
caesoryu-alroe,???,???,?,???/???/?,3,0.1,,0.7,,"???, ??, ??, ??? ??"
caesoryu-yangpa,???,??,?,???/??/?,31.5,0.98,0.18,7.13,4.945,"??, ??, ??, ???, ??, ??, ??, ???, ??, ??, ??, ??, ??, ???, ??, ?????, ??, ??, ???, ??, ??, ??, ??, ?? ???"
caesoryu-yangparing,???,???,?,???/???/?,258,3.15,14.1,30.53,,"???, ???, ??, ???, ???(???)"
caesoryu-yangha,???,??,?,???/??/?,13,0.6,0.1,2.8,,"??, ??"
caesoryu-yeongeun,???,??,?,???/??/?,75,1.63,0.07,17.28,1.81,"??, ??, ??, ???, ?? ??"
caesoryu-ogsusu,???,???,?,???/???/?,40,1.7,0.3,8.2,,"???, ?, ??"
caesoryu-ueong,???,??,?,???/??/?,69,2.61,0.06,15.29,2.87,"??, ??, ??, ???, ??, ???"
caesoryu-ulgeum,???,??,?,???/??/?,87,1.8,2.56,15.77,3.83,"??, ??"
caesoryu-uloejangajji,???,?????,?,???/?????/?,67,5.1,0.3,13.1,,?????
caesoryu-jandae,???,??,?,???/??/?,55,3.4,0.9,9.9,,"??, ??, ??, ??, ?, ??"
caesoryu-coseogjam,???,???,?,???/???/?,76,2.3,0.56,17,0.17,"???, ??, ??"
caesoryu-kongnamul,???,???,?,???/???/?,42.5,4.49,1.275,3.31,0.425,"???, ??, ???, ???"
caesoryu-kongnamul-garu,???,??? (??),??,???/???/??,409,45.4,11.6,31.7,,"???, ??"
caesoryu-tomato-tongjorim,???,??? (???),???,???/???/???,44,1.9,0.1,9.9,,"???, ???, ???, ???, ????, ???, ???, ??"
caesoryu-hobagjeub,???,???,?,???/???/?,21,0.64,0,4.73,3.53,???
