id,식품군,식품명_정규화,상태,name_key,kcal_100g,protein_g_100g,fat_g_100g,carb_g_100g,sugar_g_100g,synonyms
gamjaryu-mic-jeonbunryu-gamja,감자류 및 전분류,감자,생,감자류 및 전분류/감자/생,79.0,2.07,0.09,17.57,0.0,"감자, 대지, 생것, 감자, 대지, 삶은것, 감자, 대지, 찐것, 감자, 대지, 구운것, 감자, 수미, 생것, 감자, 수미, 삶은것, 감자, 수미, 찐것, 감자, 수미, 구운것, 감자, 로즈밸리, 생것, 감자, 로즈밸리, 삶은것, 감자, 자색, 생것, 감자, 자색, 찐것, 감자, 자색, 보라밸리, 생것, 감자, 자색, 보라밸리, 삶은것, 감자, 자심, 생것, 감자, 부침가루, 감자 과자, 감자칩, 구운것, 감자 과자, 감자칩, 튀긴것, 감자, 으깬감자, 감자 샐러드"
gamjaryu-mic-jeonbunryu-gamja-twigim,감자류 및 전분류,감자 (튀김),튀김,감자류 및 전분류/감자/튀김,293.0,3.54,11.3,44.16,0.19,"감자 튀김, 튀긴것, 감자 튀김, 해시브라운, 튀긴것"
gamjaryu-mic-jeonbunryu-goguma,감자류 및 전분류,고구마,생,감자류 및 전분류/고구마/생,157.0,1.01,0.15,37.91,9.83,"고구마, 생것, 고구마, 분질(밤) 고구마, 생것, 고구마, 점질(호박) 고구마, 생것, 고구마, 베니하루까, 생것, 고구마, 신율미, 생것, 고구마, 신자미, 생것, 고구마, 연황미, 생것, 고구마, 주황미, 생것, 고구마, 진홍미, 생것, 고구마, 찐것, 고구마, 분질(밤) 고구마, 찐것, 고구마, 점질(호박) 고구마, 찐것, 고구마, 구운것, 고구마, 분질(밤) 고구마, 구운것, 고구마, 점질(호박) 고구마, 구운것, 고구마, 말린것, 고구마, 고구마말랭이, 말린것"
gamjaryu-mic-jeonbunryu-dangmyeon,감자류 및 전분류,당면,생,감자류 및 전분류/당면/생,154.0,0.12,0.04,37.95,0.0,"당면, 고구마, 말린것, 당면, 고구마, 삶은것, 당면, 고구마, 감자, 말린것, 당면, 넓적당면, 말린것, 당면, 넓적당면, 삶은것, 당면, 분모자, 생것, 당면, 분모자, 삶은것"
gamjaryu-mic-jeonbunryu-ma,감자류 및 전분류,마,생,감자류 및 전분류/마/생,49.0,1.47,0.25,10.51,2.47,"마, 단마, 생것, 마, 둥근마, 생것, 마, 장마, 생것, 마, 장마, 삶은것"
gamjaryu-mic-jeonbunryu-apioseugamja,감자류 및 전분류,아피오스감자,생,감자류 및 전분류/아피오스감자/생,175.0,6.1,0.5,38.2,,"아피오스감자, 생것"
gamjaryu-mic-jeonbunryu-yakon,감자류 및 전분류,야콘,생,감자류 및 전분류/야콘/생,52.0,0.6,0.3,12.4,0.5,"야콘, 뿌리, 생것, 야콘, 뿌리, 삶은것"
gamjaryu-mic-jeonbunryu-olbanggaemug,감자류 및 전분류,올방개묵,생,감자류 및 전분류/올방개묵/생,44.0,0.05,0.04,10.91,0.0,올방개묵
gamjaryu-mic-jeonbunryu-jeonbun-garu,감자류 및 전분류,전분 (가루),가루,감자류 및 전분류/전분/가루,356.0,0.2,0.2,85.85,0.01,"전분, 감자, 가루, 전분, 고구마, 가루, 전분, 밀, 가루, 전분, 쌀, 가루, 전분, 옥수수, 가루, 전분, 옥수수, 밀, 가루, 전분, 칡뿌리, 가루"
gamjaryu-mic-jeonbunryu-ceonma,감자류 및 전분류,천마,생,감자류 및 전분류/천마/생,79.0,1.0,0.0,18.9,,"천마, 생것, 천마, 찐것"
gamjaryu-mic-jeonbunryu-cilg,감자류 및 전분류,칡,생,감자류 및 전분류/칡/생,137.0,2.48,0.1,32.05,3.58,"칡, 뿌리, 생것"
gamjaryu-mic-jeonbunryu-cilgjeub,감자류 및 전분류,칡즙,생,감자류 및 전분류/칡즙/생,21.0,0.44,0.0,4.91,1.51,칡즙
gamjaryu-mic-jeonbunryu-toran,감자류 및 전분류,토란,생,감자류 및 전분류/토란/생,73.0,2.17,0.17,16.28,0.0,"토란, 생것, 토란, 삶은것, 토란, 찐것"
gamjaryu-mic-jeonbunryu-hikama-yambin,감자류 및 전분류,히카마(얌빈),생,감자류 및 전분류/히카마(얌빈)/생,44.5,0.535,0.06,10.51,3.76,"히카마(얌빈), 생것, 히카마(얌빈), 삶은것"
gyeongwaryu-mic-jongsilryu-gaeam,견과류 및 종실류,개암,생,견과류 및 종실류/개암/생,637.0,14.989,61.575,17.15,4.615,"개암, 헤이즐넛, 말린것, 개암, 헤이즐넛, 볶은것"
gyeongwaryu-mic-jongsilryu-dotori,견과류 및 종실류,도토리,생,견과류 및 종실류/도토리/생,230.0,4.4,3.0,46.7,,"도토리, 생것, 도토리, 국수, 말린것"
gyeongwaryu-mic-jongsilryu-dotori-garu,견과류 및 종실류,도토리 (가루),가루,견과류 및 종실류/도토리/가루,348.0,3.3,1.6,79.5,,"도토리, 가루, 도토리, 가루, 졸참도토리, 도토리, 가루, 종가시도토리"
gyeongwaryu-mic-jongsilryu-dotorimug,견과류 및 종실류,도토리묵,생,견과류 및 종실류/도토리묵/생,47.0,0.33,0.11,11.23,0.0,도토리묵
gyeongwaryu-mic-jongsilryu-dotorimug-garu,견과류 및 종실류,도토리묵 (가루),가루,견과류 및 종실류/도토리묵/가루,366.0,1.7,1.23,87.09,0.01,"도토리묵, 가루"
gyeongwaryu-mic-jongsilryu-deulggae,견과류 및 종실류,들깨,생,견과류 및 종실류/들깨/생,530.0,22.68,39.74,29.26,1.46,"들깨, 말린것, 들깨, 볶은것"
gyeongwaryu-mic-jongsilryu-ddangkong,견과류 및 종실류,땅콩,생,견과류 및 종실류/땅콩/생,564.0,22.4,46.3,24.2,,"땅콩, 말린것, 땅콩, 검은색, 말린것, 땅콩, 대립종, 말린것, 땅콩, 중립종, 말린것, 땅콩, 소립종, 말린것, 땅콩, 삶은것, 소금첨가, 땅콩, 볶은것, 땅콩, 조미, 볶은것"
gyeongwaryu-mic-jongsilryu-ddangkong-garu,견과류 및 종실류,땅콩 (가루),가루,견과류 및 종실류/땅콩/가루,560.0,28.43,43.11,24.62,6.26,"땅콩, 가루"
gyeongwaryu-mic-jongsilryu-ddaejug,견과류 및 종실류,때죽,생,견과류 및 종실류/때죽/생,551.0,13.6,44.7,31.8,,"때죽, 말린것"
gyeongwaryu-mic-jongsilryu-mareum,견과류 및 종실류,마름,생,견과류 및 종실류/마름/생,183.0,5.8,0.5,40.6,1.6,"마름, 생것"
gyeongwaryu-mic-jongsilryu-makadamia,견과류 및 종실류,마카다미아,생,견과류 및 종실류/마카다미아/생,751.0,8.3,76.7,12.2,,"마카다미아, 조미, 볶은것"
gyeongwaryu-mic-jongsilryu-meorussi,견과류 및 종실류,머루씨,생,견과류 및 종실류/머루씨/생,282.0,6.3,4.8,54.0,,"머루씨, 생것"
gyeongwaryu-mic-jongsilryu-moghwassi,견과류 및 종실류,목화씨,생,견과류 및 종실류/목화씨/생,506.0,32.59,36.29,21.9,,"목화씨, 구운것"
gyeongwaryu-mic-jongsilryu-bam,견과류 및 종실류,밤,생,견과류 및 종실류/밤/생,161.5,3.2,0.92,35.095,6.81,"밤, 생것, 밤, 대보, 생것, 밤, 옥광, 생것, 밤, 삶은것, 밤, 대보, 삶은것, 밤, 옥광, 삶은것, 밤, 구운것, 밤, 대보, 구운것, 밤, 옥광, 구운것, 밤, 말린것, 밤, 구운것, 레토르트"
gyeongwaryu-mic-jongsilryu-bam-tongjorim,견과류 및 종실류,밤 (통조림),통조림,견과류 및 종실류/밤/통조림,214.0,0.76,0.19,52.39,34.55,"밤, 통조림"
gyeongwaryu-mic-jongsilryu-beurajilneoteu,견과류 및 종실류,브라질너트,생,견과류 및 종실류/브라질너트/생,659.0,14.32,67.1,11.74,2.33,"브라질너트, 말린것, 브라질너트, 조미, 볶은것"
gyeongwaryu-mic-jongsilryu-samssi-daemassi,견과류 및 종실류,삼씨(대마씨),생,견과류 및 종실류/삼씨(대마씨)/생,450.0,29.9,28.3,31.7,2.3,"삼씨(대마씨), 말린것"
gyeongwaryu-mic-jongsilryu-subagssi,견과류 및 종실류,수박씨,생,견과류 및 종실류/수박씨/생,528.0,29.6,46.4,13.4,2.0,"수박씨, 말린것, 수박씨, 조미, 볶은것"
gyeongwaryu-mic-jongsilryu-amassi,견과류 및 종실류,아마씨,생,견과류 및 종실류/아마씨/생,540.0,21.8,43.3,30.4,0.9,"아마씨, 볶은것"
gyeongwaryu-mic-jongsilryu-amondeu,견과류 및 종실류,아몬드,생,견과류 및 종실류/아몬드/생,581.0,23.44,49.96,20.09,6.82,"아몬드, 말린것, 아몬드, 볶은것, 아몬드, 조미, 볶은것"
gyeongwaryu-mic-jongsilryu-yeonssi,견과류 및 종실류,연씨,생,견과류 및 종실류/연씨/생,81.0,5.9,0.5,14.9,,"연씨, 생것"
gyeongwaryu-mic-jongsilryu-eunhaeng,견과류 및 종실류,은행,생,견과류 및 종실류/은행/생,203.0,4.69,1.53,42.78,2.95,"은행, 생것, 은행, 삶은것, 은행, 볶은것"
gyeongwaryu-mic-jongsilryu-jas,견과류 및 종실류,잣,생,견과류 및 종실류/잣/생,658.0,16.62,65.69,12.5,2.02,"잣, 생것, 잣, 볶은것"
gyeongwaryu-mic-jongsilryu-jasdubu,견과류 및 종실류,잣두부,생,견과류 및 종실류/잣두부/생,78.0,7.5,4.3,4.0,,잣두부
gyeongwaryu-mic-jongsilryu-jasjug,견과류 및 종실류,잣죽,생,견과류 및 종실류/잣죽/생,64.0,1.45,3.06,7.9,0.12,잣죽
gyeongwaryu-mic-jongsilryu-camggae,견과류 및 종실류,참깨,생,견과류 및 종실류/참깨/생,549.0,20.85,44.12,26.45,0.0,"참깨, 검은색, 말린것, 참깨, 검은색, 볶은것, 참깨, 흰색, 말린것, 참깨, 흰색, 볶은것, 참깨 과자, 엿강정"
gyeongwaryu-mic-jongsilryu-camggaejug,견과류 및 종실류,참깨죽,생,견과류 및 종실류/참깨죽/생,38.0,1.0,1.2,5.9,,참깨죽
gyeongwaryu-mic-jongsilryu-ciassi,견과류 및 종실류,치아씨,생,견과류 및 종실류/치아씨/생,486.0,16.54,30.74,42.12,,"치아씨, 말린것"
gyeongwaryu-mic-jongsilryu-kaesyuneoteu,견과류 및 종실류,캐슈너트,생,견과류 및 종실류/캐슈너트/생,581.0,16.84,47.77,30.16,5.01,"캐슈너트, 조미, 볶은것"
gyeongwaryu-mic-jongsilryu-kokoneos,견과류 및 종실류,코코넛,생,견과류 및 종실류/코코넛/생,660.0,6.88,64.53,23.65,7.35,"코코넛, 말린것, 코코넛, 볶은것, 코코넛, 코코넛밀크"
gyeongwaryu-mic-jongsilryu-kokoneossu,견과류 및 종실류,코코넛수,생,견과류 및 종실류/코코넛수/생,19.0,0.72,0.2,3.71,2.61,코코넛수
gyeongwaryu-mic-jongsilryu-piseutacio,견과류 및 종실류,피스타치오,생,견과류 및 종실류/피스타치오/생,583.0,22.9,48.22,24.66,5.95,"피스타치오, 말린것, 피스타치오, 볶은것, 피스타치오, 조미, 볶은것"
gyeongwaryu-mic-jongsilryu-pikan,견과류 및 종실류,피칸,생,견과류 및 종실류/피칸/생,710.0,9.5,74.27,13.55,4.06,"피칸, 말린것, 피칸, 조미, 볶은것"
gyeongwaryu-mic-jongsilryu-haebaragissi,견과류 및 종실류,해바라기씨,생,견과류 및 종실류/해바라기씨/생,589.0,21.93,52.26,18.58,2.68,"해바라기씨, 말린것, 해바라기씨, 볶은것, 해바라기씨, 조미, 볶은것"
gyeongwaryu-mic-jongsilryu-hodu,견과류 및 종실류,호두,생,견과류 및 종실류/호두/생,688.0,15.47,71.99,7.92,0.0,"호두, 말린것, 호두, 볶은것"
gyeongwaryu-mic-jongsilryu-hobagssi,견과류 및 종실류,호박씨,생,견과류 및 종실류/호박씨/생,548.0,35.35,48.18,5.34,0.0,"호박씨, 말린것, 호박씨, 조미, 볶은것"
gogryu-mic-geu-jepum-gwaja,곡류 및 그 제품,과자,생,곡류 및 그 제품/과자/생,497.0,6.08,22.23,68.24,14.69,"과자, 건빵, 과자, 마늘바게트, 과자, 마카로니, 과자, 만주, 밤, 과자, 모나카, 과자, 바닐라 웨하스, 과자, 비스킷, 소프트, 과자, 비스킷, 하드, 과자, 뻥튀기, 원반 모양, 팽화, 과자, 사과파이, 과자, 스낵, 밀쌀, 과자, 스낵, 새우, 과자, 스낵, 옥수수, 과자, 약과, 과자, 전병, 김, 과자, 전병, 땅콩, 과자, 초코볼, 과자, 초코파이, 과자, 쿠키, 땅콩버터, 과자, 쿠키, 버터, 과자, 쿠키, 초코칩, 과자, 쿠키, 통밀, 과자, 크래커, 과자, 크래커, 땅콩샌드, 과자, 크래커, 채소, 과자, 크래커, 치즈샌드"
gogryu-mic-geu-jepum-gugsu,곡류 및 그 제품,국수,생,곡류 및 그 제품/국수/생,291.0,7.25,0.87,60.09,7.39,"국수, 생것, 국수, 말린것, 국수, 말린것, 삶은것, 국수, 소면, 말린것, 국수, 소면, 말린것, 삶은것, 국수, 중면, 말린것, 국수, 중면, 말린것, 삶은것"
gogryu-mic-geu-jepum-gwiri,곡류 및 그 제품,귀리,생,곡류 및 그 제품/귀리/생,388.0,11.14,8.9,66.66,0.91,"귀리, 쌀귀리, 도정, 생것, 귀리, 쌀귀리, 대양, 도정, 생것, 귀리, 쌀귀리, 조양, 도정, 생것"
gogryu-mic-geu-jepum-gwiri-bab,곡류 및 그 제품,귀리 (밥),밥,곡류 및 그 제품/귀리/밥,218.0,6.51,5.36,36.53,0.42,"귀리, 겉귀리, 도정, 밥, 귀리, 쌀귀리, 도정, 밥, 귀리, 쌀귀리, 대양, 도정, 밥, 귀리, 쌀귀리, 조양, 도정, 밥"
gogryu-mic-geu-jepum-gijang,곡류 및 그 제품,기장,생,곡류 및 그 제품/기장/생,373.0,13.41,4.03,69.78,0.61,"기장, 도정, 생것, 기장, 찰기장, 도정, 생것, 기장, 찰기장, 이백찰, 도정, 생것, 기장, 찰기장, 한라찰, 도정, 생것, 기장, 찰기장, 황실찰, 도정, 생것"
gogryu-mic-geu-jepum-gijang-bab,곡류 및 그 제품,기장 (밥),밥,곡류 및 그 제품/기장/밥,136.0,4.76,1.24,25.99,0.22,"기장, 찰기장, 도정, 밥"
gogryu-mic-geu-jepum-nurungji,곡류 및 그 제품,누룽지,생,곡류 및 그 제품/누룽지/생,53.0,1.03,0.27,11.06,0.0,"누룽지, 누룽지, 끓인것, 누룽지, 끓인것, 밥알, 누룽지, 끓인것, 국물"
gogryu-mic-geu-jepum-dasig,곡류 및 그 제품,다식,생,곡류 및 그 제품/다식/생,352.0,5.99,1.5,78.61,52.74,"다식, 검정깨, 다식, 송화"
gogryu-mic-geu-jepum-ramyeon,곡류 및 그 제품,라면,생,곡류 및 그 제품/라면/생,182.0,3.7,4.91,30.66,0.31,"라면, 말린것, 라면, 말린것, 삶은것, 라면, 용기라면, 말린것, 라면, 용기라면, 말린것, 삶은것"
gogryu-mic-geu-jepum-makaroni,곡류 및 그 제품,마카로니,생,곡류 및 그 제품/마카로니/생,380.0,12.98,1.53,74.13,2.05,"마카로니, 말린것, 마카로니, 말린것, 삶은것"
gogryu-mic-geu-jepum-memil,곡류 및 그 제품,메밀,생,곡류 및 그 제품/메밀/생,291.0,7.59,0.96,61.14,0.0,"메밀, 도정, 생것, 메밀 국수, 생것, 메밀 국수, 생것, 삶은것, 메밀 국수, 말린것, 메밀 국수, 말린것, 삶은것, 메밀 냉면, 말린것, 메밀 냉면, 말린것, 삶은것"
gogryu-mic-geu-jepum-memil-garu,곡류 및 그 제품,메밀 (가루),가루,곡류 및 그 제품/메밀/가루,374.0,12.96,3.29,71.36,0.3,"메밀, 도정, 가루"
gogryu-mic-geu-jepum-memilmug,곡류 및 그 제품,메밀묵,생,곡류 및 그 제품/메밀묵/생,54.0,1.11,0.41,11.77,0.0,메밀묵
gogryu-mic-geu-jepum-memilmug-garu,곡류 및 그 제품,메밀묵 (가루),가루,곡류 및 그 제품/메밀묵/가루,371.0,8.33,2.04,77.4,0.0,"메밀묵, 가루"
gogryu-mic-geu-jepum-mebssal,곡류 및 그 제품,멥쌀,생,곡류 및 그 제품/멥쌀/생,363.0,6.985,2.19,77.245,0.905,"멥쌀, 배아미, 생것, 멥쌀, 백미, 생것, 멥쌀, 백미, 고시히카리, 생것, 멥쌀, 백미, 고아미2호, 생것, 멥쌀, 백미, 골든퀸3호, 생것, 멥쌀, 백미, 금강1호, 생것, 멥쌀, 백미, 남찬, 생것, 멥쌀, 백미, 도담쌀, 생것, 멥쌀, 백미, 미품, 생것, 멥쌀, 백미, 바로미2, 생것, 멥쌀, 백미, 보람찬, 생것, 멥쌀, 백미, 삼광, 생것, 멥쌀, 백미, 새일미, 생것, 멥쌀, 백미, 새추청, 생것, 멥쌀, 백미, 설갱, 생것, 멥쌀, 백미, 수라, 생것, 멥쌀, 백미, 신동진, 생것, 멥쌀, 백미, 안남미, 장립종, 생것, 멥쌀, 백미, 알찬미, 생것, 멥쌀, 백미, 영호진미, 생것, 멥쌀, 백미, 예찬, 생것, 멥쌀, 백미, 오대, 생것, 멥쌀, 백미, 운광, 생것, 멥쌀, 백미, 일미벼, 생것, 멥쌀, 백미, 일품, 생것, 멥쌀, 백미, 추청벼, 생것, 멥쌀, 백미, 친들, 생것, 멥쌀, 백미, 큰눈, 생것, 멥쌀, 백미, 통일벼, 생것, 멥쌀, 백미, 팔방미, 생것, 멥쌀, 백미, 하이아미, 생것, 멥쌀, 백미, 한가루, 생것, 멥쌀, 백미, 한아름4호, 생것, 멥쌀, 백미, 해담쌀, 생것, 멥쌀, 백미, 해들, 생것, 멥쌀, 백미, 해품, 생것, 멥쌀, 백미, 향미벼, 생것, 멥쌀, 백미, 호품, 생것, 멥쌀, 백미, 히토메보레, 생것, 멥쌀, 백미, 밭벼, 생것, 멥쌀, 백미, 미음, 멥쌀, 쌀눈, 생것, 멥쌀, 쌀눈, 찐것, 멥쌀, 쌀눈, 볶은것, 멥쌀, 칠분도미, 생것, 멥쌀, 칠분도미, 농림나1호, 생것, 멥쌀, 칠분도미, 밭벼, 생것, 멥쌀, 칠분도미, 미음, 멥쌀, 현미, 생"
gogryu-mic-geu-jepum-mebssal-garu,곡류 및 그 제품,멥쌀 (가루),가루,곡류 및 그 제품/멥쌀/가루,378.0,7.24,1.07,81.07,0.22,"멥쌀, 백미, 가루"
gogryu-mic-geu-jepum-mebssal-bab,곡류 및 그 제품,멥쌀 (밥),밥,곡류 및 그 제품/멥쌀/밥,157.5,2.875,0.5,35.15,0.26,"멥쌀, 백미, 밥, 멥쌀, 백미, 고시히카리, 밥, 멥쌀, 백미, 농림나1호, 밥, 멥쌀, 백미, 밭벼, 밥, 멥쌀, 백미, 삼광, 밥, 멥쌀, 백미, 새일미, 밥, 멥쌀, 백미, 새추청, 밥, 멥쌀, 백미, 수라, 밥, 멥쌀, 백미, 신동진, 밥, 멥쌀, 백미, 안남미, 장립종, 밥, 멥쌀, 백미, 오대, 밥, 멥쌀, 백미, 일품벼, 밥, 멥쌀, 백미, 추청벼, 밥, 멥쌀, 칠분도미, 밥, 멥쌀, 칠분도미, 농림나1호, 밥, 멥쌀, 칠분도미, 밭벼, 밥, 멥쌀, 현미, 밥, 멥쌀, 현미, 농림나1호, 밥, 멥쌀, 현미, 밭벼, 밥, 멥쌀, 현미, 삼광, 밥, 멥쌀, 현미, 새일미, 밥, 멥쌀, 현미, 신동진, 밥, 멥쌀, 현미, 오대, 밥, 멥쌀, 현미, 발아현미, 밥, 멥쌀, 현미, 흑진미, 밥"
gogryu-mic-geu-jepum-mebssal-jug,곡류 및 그 제품,멥쌀 (죽),죽,곡류 및 그 제품/멥쌀/죽,53.0,0.99,0.15,11.45,0.0,"멥쌀, 백미, 죽, 멥쌀, 백미, 삼광, 죽, 멥쌀, 백미, 새일미, 죽, 멥쌀, 백미, 신동진, 죽, 멥쌀, 백미, 오대, 죽, 멥쌀, 칠분도미, 죽, 멥쌀, 현미, 죽"
gogryu-mic-geu-jepum-mebssalddeog,곡류 및 그 제품,멥쌀떡,생,곡류 및 그 제품/멥쌀떡/생,206.0,5.32,0.81,44.3,7.62,"멥쌀떡, 가래떡, 멥쌀떡, 가래떡, 현미, 멥쌀떡, 가래떡, 흑미, 멥쌀떡, 개피떡(바람떡), 멥쌀떡, 꿀떡, 멥쌀떡, 무지개떡, 멥쌀떡, 백설기, 멥쌀떡, 백설기, 검정콩, 멥쌀떡, 송편, 검정콩, 멥쌀떡, 송편, 깨, 멥쌀떡, 송편, 밤, 멥쌀떡, 송편, 팥, 멥쌀떡, 모싯잎송편, 동부, 멥쌀떡, 모싯잎송편, 동부(국내산), 멥쌀떡, 모싯잎송편, 동부(수입산), 멥쌀떡, 시루떡, 팥, 멥쌀떡, 절편, 멥쌀떡, 절편, 쑥, 멥쌀떡, 증편"
gogryu-mic-geu-jepum-mebssalbab,곡류 및 그 제품,멥쌀밥,생,곡류 및 그 제품/멥쌀밥/생,373.0,5.2,0.1,83.7,,"멥쌀밥, 쪄서 말린것"
gogryu-mic-geu-jepum-misusgaru,곡류 및 그 제품,미숫가루,생,곡류 및 그 제품/미숫가루/생,412.0,14.36,5.3,76.69,1.16,"미숫가루, 혼합곡물"
gogryu-mic-geu-jepum-mil,곡류 및 그 제품,밀,생,곡류 및 그 제품/밀/생,333.0,10.6,1.0,75.8,,"밀, 도정, 생것, 밀, 금강, 도정, 생것, 밀, 신미찰, 도정, 생것, 밀, 흑밀, 도정, 생것, 밀, 통밀, 생것, 밀, 호라산, 생것, 밀, 강력밀가루, 밀, 도넛가루, 밀, 박력밀가루, 밀, 부침가루, 밀, 빵가루, 밀, 중력밀가루, 밀, 통밀가루, 밀, 튀김가루, 밀, 팬케이크가루"
gogryu-mic-geu-jepum-milddeog,곡류 및 그 제품,밀떡,생,곡류 및 그 제품/밀떡/생,227.0,5.49,1.11,46.15,3.11,밀떡
gogryu-mic-geu-jepum-bori,곡류 및 그 제품,보리,생,곡류 및 그 제품/보리/생,342.0,8.815,1.66,75.06,0.505,"보리, 겉보리, 도정, 생것, 보리, 겉보리, 큰알보리1호, 도정, 생것, 보리, 겉보리, 흑수정찰, 도정, 생것, 보리, 겉보리, 늘보리, 도정, 생것, 보리, 겉보리, 조곡, 생것, 보리, 겉보리, 큰알보리1호, 조곡, 생것, 보리, 겉보리, 흑수정찰, 조곡, 생것, 보리, 겉보리, 압맥, 보리, 겉보리, 할맥, 보리, 맥주보리, 두산8호, 도정, 생것, 보리, 쌀보리, 도정, 생것, 보리, 쌀보리, 누리찰, 도정, 생것, 보리, 쌀보리, 호강, 도정, 생것, 보리, 쌀보리, 찰보리, 도정, 생것, 보리, 쌀보리, 찰보리, 서둔찰, 도정, 생것, 보리, 쌀보리, 찰보리, 할맥, 보리, 엿기름"
gogryu-mic-geu-jepum-bori-garu,곡류 및 그 제품,보리 (가루),가루,곡류 및 그 제품/보리/가루,360.5,11.055,2.41,76.285,0.15,"보리, 가루, 보리, 가루, 껍질 포함"
gogryu-mic-geu-jepum-bori-bab,곡류 및 그 제품,보리 (밥),밥,곡류 및 그 제품/보리/밥,144.0,3.565,0.725,31.755,0.08,"보리, 겉보리, 밥, 보리, 겉보리, 큰알보리1호, 밥, 보리, 겉보리, 흑수청찰, 밥, 보리, 쌀보리, 밥, 보리, 쌀보리, 누리찰, 밥, 보리, 쌀보리, 호강, 밥"
gogryu-mic-geu-jepum-bbang,곡류 및 그 제품,빵,생,곡류 및 그 제품/빵/생,282.0,,,,,"빵, 건포도빵, 빵, 곰보빵, 빵, 꽈배기, 빵, 난, 빵, 도넛, 링, 빵, 도넛, 팥, 빵, 또띠아, 밀, 빵, 또띠아, 통밀, 빵, 롤빵, 소프트, 빵, 롤빵, 하드, 빵, 마늘빵, 빵, 머핀, 빵, 머핀, 우유, 빵, 머핀, 잉글리쉬, 빵, 머핀, 초코, 빵, 모닝빵, 빵, 모카빵, 빵, 바게트, 빵, 베이글, 빵, 붕어빵, 팥, 빵, 소시지빵, 빵, 식빵, 버터 첨가, 빵, 식빵, 쇼트닝 첨가, 빵, 식빵, 쇼트닝 첨가, 구운것, 빵, 식빵, 밤, 빵, 식빵, 옥수수, 빵, 식빵, 우유, 빵, 옥수수빵, 빵, 와플, 빵, 와플, 벨기에, 빵, 와플, 잼, 빵, 와플, 커스터드 크림, 빵, 잼빵, 빵, 찐빵, 단호박, 막걸리 발효, 빵, 찐빵, 채소, 빵, 찐빵, 팥, 막걸리 발효, 빵, 찐빵, 팥, 빵, 찐빵, 피자, 빵, 카스텔라, 빵, 크루아상, 빵, 크로켓, 채소, 빵, 크림빵, 빵, 팥빵, 빵, 페이스트리, 빵, 페이스트리, 과일, 빵, 페이스트리, 치즈, 빵, 피칸파이, 빵, 호두과자, 빵, 호떡빵"
gogryu-mic-geu-jepum-susu,곡류 및 그 제품,수수,생,곡류 및 그 제품/수수/생,376.0,11.35,3.34,73.83,0.57,"수수, 도정, 생것, 수수, 찰수수, 도정, 생것, 수수, 찰수수, 남풍찰, 도정, 생것, 수수, 찰수수, 소담찰, 도정, 생것, 수수, 통수수, 생것"
gogryu-mic-geu-jepum-susu-bab,곡류 및 그 제품,수수 (밥),밥,곡류 및 그 제품/수수/밥,153.0,4.49,1.26,30.36,0.25,"수수, 찰수수, 도정, 밥"
gogryu-mic-geu-jepum-susuddeog,곡류 및 그 제품,수수떡,생,곡류 및 그 제품/수수떡/생,224.0,5.04,0.89,49.0,7.99,"수수떡, 수수경단"
gogryu-mic-geu-jepum-sujebimyeon,곡류 및 그 제품,수제비면,생,곡류 및 그 제품/수제비면/생,270.0,6.49,0.82,55.98,2.68,"수제비면, 감자, 생것, 수제비면, 감자, 생것, 삶은것"
gogryu-mic-geu-jepum-seupagetimyeon,곡류 및 그 제품,스파게티면,생,곡류 및 그 제품/스파게티면/생,380.0,12.64,1.47,74.52,2.05,"스파게티면, 말린것, 스파게티면, 말린것, 삶은것"
gogryu-mic-geu-jepum-sirieol,곡류 및 그 제품,시리얼,생,곡류 및 그 제품/시리얼/생,395.0,6.08,3.65,85.33,35.14,"시리얼, 쌀, 시리얼, 옥수수, 시리얼, 옥수수, 그래놀라, 건조과일, 시리얼, 옥수수, 그래놀라, 코코넛, 시리얼, 옥수수, 아몬드, 시리얼, 옥수수, 코코아, 시리얼, 현미"
gogryu-mic-geu-jepum-amaranseu,곡류 및 그 제품,아마란스,생,곡류 및 그 제품/아마란스/생,382.0,16.78,5.86,67.43,1.68,"아마란스, 노란색, 말린것, 아마란스, 빨간색, 말린것"
gogryu-mic-geu-jepum-egeunudeul,곡류 및 그 제품,에그누들,생,곡류 및 그 제품/에그누들/생,116.0,4.29,1.02,21.1,0.14,"에그누들, 말린것, 에그누들, 말린것, 삶은것"
gogryu-mic-geu-jepum-oteumil-oteumil,곡류 및 그 제품,오트밀 (오트밀),오트밀,곡류 및 그 제품/오트밀/오트밀,382.0,13.2,8.2,64.9,,"귀리, 오트밀"
gogryu-mic-geu-jepum-ogsusu,곡류 및 그 제품,옥수수,생,곡류 및 그 제품/옥수수/생,173.0,5.11,2.19,34.89,0.29,"옥수수, 단옥수수, 생것, 옥수수, 단옥수수, 고당옥, 생것, 옥수수, 단옥수수, 고당옥1호, 생것, 옥수수, 단옥수수, 단옥3호, 생것, 옥수수, 단옥수수, 삶은것, 옥수수, 단옥수수, 고당옥, 삶은것, 옥수수, 단옥수수, 고당옥1호, 삶은것, 옥수수, 단옥수수, 단옥3호, 삶은것, 옥수수, 단옥수수, 찐것, 옥수수, 메옥수수, 생것, 옥수수, 메옥수수, 삶은것, 옥수수, 메옥수수, 구운것, 옥수수, 메옥수수, 말린것, 옥수수, 메옥수수, 강다옥, 말린것, 옥수수, 메옥수수, 광평옥, 말린것, 옥수수, 메옥수수, 다안옥, 말린것, 옥수수, 메옥수수, 다평옥, 말린것, 옥수수, 메옥수수, 신광옥, 말린것, 옥수수, 메옥수수, 신황옥, 말린것, 옥수수, 메옥수수, 안다옥, 말린것, 옥수수, 메옥수수, 양안옥, 말린것, 옥수수, 메옥수수, 장다옥, 말린것, 옥수수, 메옥수수, 청다옥, 말린것, 옥수수, 메옥수수, 청안옥, 말린것, 옥수수, 메옥수수, 평강옥, 말린것, 옥수수, 메옥수수, 평안옥, 말린것, 옥수수, 메옥수수, 황다옥, 말린것, 옥수수, 찰옥수수, 생것, 옥수수, 찰옥수수, 대학, 생것, 옥수수, 찰옥수수, 일미찰, 생것, 옥수수, 찰옥수수, 찰옥4호, 생것, 옥수수, 찰옥수수, 황금맛찰, 생것, 옥수수, 찰옥수수, 삶은것, 옥수수, 찰옥수수, 대학, 삶은것, 옥수수, 찰옥수수, 일미찰, 삶은것, 옥수수, 찰옥수수, 찰옥4호, 삶은것, 옥수수, 찰옥수수, 황금맛찰, 삶은것, 옥수수, 찰옥수수, 찐것, 옥수수, 찰옥수수, 말린것, 옥수수 과자, 강냉이, 옥수수 과자, 팝콘, 전자레인지 조리, 옥수수 과"
gogryu-mic-geu-jepum-ogsusu-garu,곡류 및 그 제품,옥수수 (가루),가루,곡류 및 그 제품/옥수수/가루,364.0,7.32,0.97,83.3,0.54,"옥수수, 가루"
gogryu-mic-geu-jepum-ogsusu-tongjorim,곡류 및 그 제품,옥수수 (통조림),통조림,곡류 및 그 제품/옥수수/통조림,82.0,1.7,0.5,18.6,,"옥수수, 통조림, 가당, 옥수수, 통조림, 크림"
gogryu-mic-geu-jepum-ogsusumug,곡류 및 그 제품,옥수수묵,생,곡류 및 그 제품/옥수수묵/생,55.0,1.1,0.0,12.6,,옥수수묵
gogryu-mic-geu-jepum-udongmyeon,곡류 및 그 제품,우동면,생,곡류 및 그 제품/우동면/생,131.0,2.85,0.46,27.3,0.27,"우동면, 생것, 우동면, 생것, 삶은것"
gogryu-mic-geu-jepum-yulmu,곡류 및 그 제품,율무,생,곡류 및 그 제품/율무/생,380.0,14.95,5.25,67.63,0.97,"율무, 도정, 생것"
gogryu-mic-geu-jepum-yulmu-bab,곡류 및 그 제품,율무 (밥),밥,곡류 및 그 제품/율무/밥,172.0,7.1,2.35,30.34,0.15,"율무, 도정, 밥"
gogryu-mic-geu-jepum-yulmu-jug,곡류 및 그 제품,율무 (죽),죽,곡류 및 그 제품/율무/죽,77.0,3.26,0.98,13.75,0.1,"율무, 죽"
gogryu-mic-geu-jepum-jabgog,곡류 및 그 제품,잡곡,생,곡류 및 그 제품/잡곡/생,358.0,9.79,2.09,73.4,0.93,"잡곡, 현미, 찹쌀, 현미찹쌀, 보리 등, 생것"
gogryu-mic-geu-jepum-jo,곡류 및 그 제품,조,생,곡류 및 그 제품/조/생,373.0,11.13,3.91,71.7,0.79,"조, 메조, 도정, 생것, 조, 메조, 다황메, 도정, 생것, 조, 메조, 단아메, 도정, 생것, 조, 메조, 삼다메, 도정, 생것, 조, 메조, 조황메, 도정, 생것, 조, 메조, 도정, 찐것, 조, 차조, 도정, 생것, 조, 차조, 경관1호, 도정, 생것, 조, 차조, 경관2호, 도정, 생것, 조, 차조, 삼다찰, 도정, 생것, 조, 차조, 황미찰, 도정, 생것"
gogryu-mic-geu-jepum-jo-bab,곡류 및 그 제품,조 (밥),밥,곡류 및 그 제품/조/밥,143.0,4.5,1.53,27.28,0.28,"조, 차조, 도정, 밥"
gogryu-mic-geu-jepum-jungsigmyeon,곡류 및 그 제품,중식면,생,곡류 및 그 제품/중식면/생,293.0,7.36,1.06,60.03,1.3,"중식면, 생것, 중식면, 생것, 삶은것"
gogryu-mic-geu-jepum-jeugseogbab,곡류 및 그 제품,즉석밥,생,곡류 및 그 제품/즉석밥/생,151.0,2.47,0.33,33.675,0.535,"즉석밥, 누룽지, 즉석밥, 누룽지, 끓는물 부음, 즉석밥, 백미, 즉석밥, 잡곡밥(멥쌀, 찹쌀, 흑미, 팥, 기장, 찰수수)"
gogryu-mic-geu-jepum-jjolmyeon,곡류 및 그 제품,쫄면,생,곡류 및 그 제품/쫄면/생,348.0,9.16,1.08,71.29,4.5,"쫄면, 말린것"
gogryu-mic-geu-jepum-cabssal,곡류 및 그 제품,찹쌀,생,곡류 및 그 제품/찹쌀/생,358.0,7.425,2.385,75.74,1.085,"찹쌀, 백미, 생것, 찹쌀, 백미, 생것, 칼슘 첨가, 찹쌀, 백미, 동진찰, 생것, 찹쌀, 백미, 백옥찰, 생것, 찹쌀, 백미, 백진주, 생것, 찹쌀, 백미, 보람찰, 생것, 찹쌀, 백미, 화선찰벼, 생것, 찹쌀, 현미, 생것, 찹쌀, 현미, 동진찰, 생것, 찹쌀, 현미, 백옥찰, 생것, 찹쌀, 현미, 백진주, 생것, 찹쌀, 현미, 보람찰, 생것, 찹쌀, 현미, 흑미, 생것, 찹쌀, 현미, 눈큰흑찰1호, 생것, 찹쌀, 현미, 조생흑찰, 생것, 찹쌀 과자, 산자, 찹쌀 과자, 유과, 찹쌀 국수, 흑미, 말린것"
gogryu-mic-geu-jepum-cabssal-garu,곡류 및 그 제품,찹쌀 (가루),가루,곡류 및 그 제품/찹쌀/가루,377.0,7.56,0.98,80.62,0.41,"찹쌀, 백미, 가루"
gogryu-mic-geu-jepum-cabssal-bab,곡류 및 그 제품,찹쌀 (밥),밥,곡류 및 그 제품/찹쌀/밥,170.0,3.39,0.62,36.03,0.0,"찹쌀, 백미, 밥, 칼슘 첨가, 찹쌀, 백미, 보람찰, 밥, 찹쌀, 현미, 보람찰, 밥"
gogryu-mic-geu-jepum-cabssal-jug,곡류 및 그 제품,찹쌀 (죽),죽,곡류 및 그 제품/찹쌀/죽,53.0,0.91,0.28,11.3,0.0,"찹쌀, 백미, 보람찰, 죽"
gogryu-mic-geu-jepum-cabssalddeog,곡류 및 그 제품,찹쌀떡,생,곡류 및 그 제품/찹쌀떡/생,220.0,4.44,2.32,45.43,10.21,"찹쌀떡, 찹쌀떡, 경단 카스텔라, 찹쌀떡, 모둠 찰떡, 찹쌀떡, 약식, 찹쌀떡, 인절미, 팥고물, 찹쌀떡, 인절미, 콩고물, 찹쌀떡, 찰시루떡"
gogryu-mic-geu-jepum-cabssalbbang,곡류 및 그 제품,찹쌀빵,생,곡류 및 그 제품/찹쌀빵/생,325.0,4.14,8.88,57.02,16.19,"찹쌀빵, 찹쌀도넛"
gogryu-mic-geu-jepum-kalgugsumyeon,곡류 및 그 제품,칼국수면,생,곡류 및 그 제품/칼국수면/생,303.0,7.25,0.87,63.02,1.56,"칼국수면, 생것, 칼국수면, 생것, 삶은것, 칼국수면, 말린것, 칼국수면, 말린것, 삶은것"
gogryu-mic-geu-jepum-keikeu,곡류 및 그 제품,케이크,생,곡류 및 그 제품/케이크/생,408.0,5.66,20.71,49.65,17.43,"케이크, 과일(후르츠), 케이크, 롤 케이크, 케이크, 생크림 블루베리, 케이크, 스펀지 케이크, 케이크, 엔젤푸드 케이크, 케이크, 초콜릿 케이크, 케이크, 치즈 케이크, 케이크, 파운드 케이크, 케이크, 팬케이크"
gogryu-mic-geu-jepum-kwinoa,곡류 및 그 제품,퀴노아,생,곡류 및 그 제품/퀴노아/생,363.0,9.56,3.26,72.62,1.34,"퀴노아, 쪄서 말린것"
gogryu-mic-geu-jepum-pi,곡류 및 그 제품,피,생,곡류 및 그 제품/피/생,376.0,8.5,4.6,73.9,,"피, IEC525(NO.5), 도정, 생것"
gogryu-mic-geu-jepum-homil,곡류 및 그 제품,호밀,생,곡류 및 그 제품/호밀/생,334.0,15.9,1.5,70.7,,"호밀, 통호밀, 생것"
gogryu-mic-geu-jepum-homil-garu,곡류 및 그 제품,호밀 (가루),가루,곡류 및 그 제품/호밀/가루,365.0,9.4,1.82,78.16,1.24,"호밀, 가루"
gogryu-mic-geu-jepum-homilbbang,곡류 및 그 제품,호밀빵,생,곡류 및 그 제품/호밀빵/생,285.0,8.47,5.11,51.35,4.78,호밀빵
gwailryu-gam,과일류,감,생,과일류/감/생,68.0,0.54,0.05,18.19,13.44,"감, 단감, 생것, 감, 단감, 부유, 생것, 감, 단감, 서촌조생, 생것, 감, 단감, 차랑, 생것, 감, 단감, 태추, 생것, 감, 단감, 잼, 감, 떫은감, 연시, 생것, 감, 떫은감, 연시, 갑주백목(대봉), 생것, 감, 떫은감, 연시, 월하시, 생것, 감, 떫은감, 연시, 청도반시, 생것, 감, 떫은감, 연시, 냉동, 감, 떫은감, 감말랭이, 감, 떫은감, 감말랭이, 갑주백목, 감, 떫은감, 감말랭이, 청도반시, 감, 떫은감, 곶감, 반건시, 감 주스"
gwailryu-gugija,과일류,구기자,생,과일류/구기자/생,69.0,4.5,2.04,10.23,7.31,"구기자, 열매, 재래종, 생것"
gwailryu-guseuberi,과일류,구스베리,생,과일류/구스베리/생,51.0,1.0,0.1,13.2,,"구스베리, 생것"
gwailryu-guaba,과일류,구아바,생,과일류/구아바/생,49.5,0.1,0.1,12.3,,"구아바, 생것, 구아바, 넥타, 과육 20%, 구아바 주스, 과즙 음료(10%)"
gwailryu-gyul,과일류,귤,생,과일류/귤/생,39.5,0.505,0.115,10.235,8.379999999999999,"귤, 만감류, 레드향, 생것, 귤, 만감류, 신예감, 생것, 귤, 만감류, 천혜향, 생것, 귤, 만감류, 한라봉, 생것, 귤, 만감류, 황금향, 생것, 귤, 온주밀감, 생것, 귤, 온주밀감, 궁천조생, 노지, 생것, 귤, 온주밀감, 궁천조생, 하우스, 생것, 귤, 온주밀감, 유라조생, 하우스, 생것, 귤, 온주밀감, 일남1호, 생것, 귤, 온주밀감, 하례조생, 노지, 생것, 귤, 온주밀감, 하례조생, 하우스, 생것, 귤, 온주밀감, 흥진조생, 생것, 귤, 임온주, 생것, 귤 음료, 귤 주스, 귤 착즙, 귤, 잼"
gwailryu-gyul-tongjorim,과일류,귤 (통조림),통조림,과일류/귤/통조림,58.0,0.52,0.17,13.61,10.6,"귤, 통조림"
gwailryu-geumgyul,과일류,금귤,생,과일류/금귤/생,73.0,1.19,0.13,18.77,11.77,"금귤, 생것"
gwailryu-ggujibbong,과일류,꾸지뽕,생,과일류/꾸지뽕/생,74.0,1.74,2.16,13.82,9.9,"꾸지뽕, 열매, 생것"
gwailryu-darae,과일류,다래,생,과일류/다래/생,67.0,1.6,0.4,16.2,,"다래, 생것"
gwailryu-daecu,과일류,대추,생,과일류/대추/생,276.0,3.73,0.25,72.57,59.09,"대추, 생것, 대추, 말린것"
gwailryu-daecuyaja,과일류,대추야자,생,과일류/대추야자/생,281.0,2.2,0.2,71.3,,"대추야자, 말린것"
gwailryu-durian,과일류,두리안,생,과일류/두리안/생,140.0,2.3,3.3,27.1,,"두리안, 생것"
gwailryu-ddalgi,과일류,딸기,생,과일류/딸기/생,34.0,0.75,0.14,8.33,6.14,"딸기, 생것, 딸기, 설향, 생것, 딸기, 죽향, 생것, 딸기, 킹스베리, 생것, 딸기, 말린것, 딸기, 잼"
gwailryu-rajeuberi,과일류,라즈베리,생,과일류/라즈베리/생,54.0,1.175,0.73,12.245,5.48,"라즈베리, 생것, 라즈베리, 냉동"
gwailryu-rambutan-tongjorim,과일류,람부탄 (통조림),통조림,과일류/람부탄/통조림,82.0,0.65,0.21,20.87,,"람부탄, 통조림"
gwailryu-rongan,과일류,롱안,생,과일류/롱안/생,60.0,1.31,0.1,15.14,,"롱안, 생것, 롱안, 말린것"
gwailryu-rici,과일류,리치,생,과일류/리치/생,58.5,0.925,0.09,15.435,12.21,"리치, 생것, 리치, 냉동"
gwailryu-magamog,과일류,마가목,생,과일류/마가목/생,115.0,1.3,0.8,25.5,,"마가목 열매, 생것"
gwailryu-manggo,과일류,망고,생,과일류/망고/생,52.0,0.65,0.2,13.27,11.62,"망고, 생것, 망고 음료, 망고, 애플망고, 생것"
gwailryu-manggoseutin,과일류,망고스틴,생,과일류/망고스틴/생,71.0,0.6,0.2,17.5,,"망고스틴, 생것"
gwailryu-maesil,과일류,매실,생,과일류/매실/생,38.0,0.95,0.65,8.05,,"매실, 생것, 매실, 남고, 생것, 매실, 선암매, 생것, 매실, 천매, 생것"
gwailryu-maesil-jeolim,과일류,매실 (절임),절임,과일류/매실/절임,216.0,1.86,0.52,51.08,33.85,"매실 절임, 당절임, 고형물, 매실 절임, 염절임, 고형물"
gwailryu-maesilceong,과일류,매실청,생,과일류/매실청/생,213.0,0.23,0.18,52.72,44.06,매실청
gwailryu-meoru,과일류,머루,생,과일류/머루/생,79.0,1.51,0.94,18.32,7.39,"머루, 생것, 껍질과 씨 포함, 머루, 개량머루, 생것, 껍질과 씨 포함, 머루, 머스켓베일리에이, 생것, 머루, 왕머루, 생것, 껍질과 씨 포함"
gwailryu-melron,과일류,멜론,생,과일류/멜론/생,38.0,0.7,0.1,9.6,,"멜론, 감로, 생것, 멜론, 머스크, 생것, 멜론, 화이트, 생것"
gwailryu-mogwa,과일류,모과,생,과일류/모과/생,78.0,0.7,0.4,20.0,,"모과, 생것"
gwailryu-muhwagwa,과일류,무화과,생,과일류/무화과/생,47.0,0.79,0.15,12.12,10.59,"무화과, 승정도후인, 생것, 무화과, 봉래시, 생것, 무화과, 수입산, 말린것, 무화과, 승정도후인, 말린것"
gwailryu-muhwagwa-tongjorim,과일류,무화과 (통조림),통조림,과일류/무화과/통조림,78.0,0.5,0.1,19.4,,"무화과, 통조림"
gwailryu-banana,과일류,바나나,생,과일류/바나나/생,77.0,1.11,0.2,20.0,14.4,"바나나, 생것, 바나나, 말린것"
gwailryu-bananacib,과일류,바나나칩,생,과일류/바나나칩/생,517.0,2.07,25.67,69.32,16.1,"바나나칩, 튀긴것"
gwailryu-bae,과일류,배,생,과일류/배/생,45.0,0.29,0.04,12.24,8.3,"배, 생것, 배, 돌배, 생것, 배, 만풍, 생것, 배, 신고, 생것, 배, 원황, 생것, 배 음료, 캔"
gwailryu-baejeub,과일류,배즙,생,과일류/배즙/생,38.0,0.23,0.0,10.33,8.1,배즙
gwailryu-baeghyanggwa-paesyeonpeuruteu,과일류,백향과(패션프루트),생,과일류/백향과(패션프루트)/생,67.0,0.8,0.4,16.2,,"백향과(패션프루트), 생것, 씨 포함, 백향과(패션프루트) 주스, 천연과즙, 백향과(패션프루트) 주스, 황색과육, 백향과(패션프루트) 주스, 자색과육"
gwailryu-beojji,과일류,버찌,생,과일류/버찌/생,60.0,1.7,0.1,14.9,,"버찌, 생것"
gwailryu-boribab,과일류,보리밥,생,과일류/보리밥/생,354.0,18.5,1.3,68.5,,"보리밥 열매, 말린것"
gwailryu-bogbunja,과일류,복분자,생,과일류/복분자/생,88.0,1.52,2.2,17.96,8.06,"복분자, 생것"
gwailryu-bogsunga,과일류,복숭아,생,과일류/복숭아/생,49.0,0.495,0.04,13.065,9.37,"복숭아, 백도, 생것, 복숭아, 천도, 생것, 복숭아, 천중도, 생것, 복숭아, 황도, 생것, 복숭아, 넥타, 복숭아, 잼"
gwailryu-bogsunga-tongjorim,과일류,복숭아 (통조림),통조림,과일류/복숭아/통조림,68.0,0.38,0.05,16.51,14.77,"복숭아, 백도, 통조림, 복숭아, 백도, 통조림, 고형물, 복숭아, 백도, 통조림, 액즙, 복숭아, 황도, 통조림, 복숭아, 황도, 통조림, 고형물, 복숭아, 황도, 통조림, 액즙"
gwailryu-beulraegberi,과일류,블랙베리,생,과일류/블랙베리/생,43.0,0.67,1.13,8.69,5.76,"블랙베리, 생것"
gwailryu-beulraegkeoreonteu,과일류,블랙커런트,생,과일류/블랙커런트/생,63.0,1.4,0.41,15.38,,"블랙커런트, 생것"
gwailryu-beulruberi,과일류,블루베리,생,과일류/블루베리/생,43.0,0.5,0.12,11.11,7.86,"블루베리, 생것, 블루베리, 말린것, 블루베리, 냉동, 블루베리, 잼"
gwailryu-beulruberi-tongjorim,과일류,블루베리 (통조림),통조림,과일류/블루베리/통조림,88.0,0.65,0.33,22.06,20.46,"블루베리, 통조림"
gwailryu-bipa,과일류,비파,생,과일류/비파/생,45.0,0.29,0.2,11.95,10.8,"비파, 생것"
gwailryu-bipa-tongjorim,과일류,비파 (통조림),통조림,과일류/비파/통조림,80.0,0.3,0.1,19.8,,"비파, 통조림"
gwailryu-sagwa,과일류,사과,생,과일류/사과/생,52.0,0.265,0.07,14.06,10.875,"사과, 생것, 사과, 감홍, 생것, 사과, 부사, 생것, 사과, 양광, 생것, 사과, 홍옥, 생것, 사과, 아오리, 생것, 사과, 아오리, 생것, 껍질 포함, 사과, 동결건조, 사과, 잼, 사과 음료, 사과 주스"
gwailryu-sagwa-tongjorim,과일류,사과 (통조림),통조림,과일류/사과/통조림,66.0,0.7,0.3,15.1,,"사과, 통조림"
gwailryu-sanddalgi,과일류,산딸기,생,과일류/산딸기/생,55.0,1.35,0.22,13.55,7.8,"산딸기, 생것"
gwailryu-sansuyu,과일류,산수유,생,과일류/산수유/생,112.0,0.87,2.82,23.83,10.33,"산수유, 열매, 생것, 산수유, 과육, 말린것"
gwailryu-sanjanamu,과일류,산자나무,생,과일류/산자나무/생,70.0,1.0,3.8,9.7,,"산자나무 열매(씨벅톤), 생것"
gwailryu-salgu,과일류,살구,생,과일류/살구/생,41.0,0.2,0.1,9.9,,"살구, 생것, 살구, 말린것, 살구, 넥타, 살구, 잼"
gwailryu-salgu-tongjorim,과일류,살구 (통조림),통조림,과일류/살구/통조림,48.0,0.63,0.04,12.34,10.74,"살구, 통조림"
gwailryu-seogryu,과일류,석류,생,과일류/석류/생,77.0,0.29,0.2,20.71,9.94,"석류, 생것"
gwailryu-sogwinamu,과일류,소귀나무,생,과일류/소귀나무/생,24.0,0.8,0.6,4.6,,"소귀나무 열매, 생것"
gwailryu-subag,과일류,수박,생,과일류/수박/생,36.0,0.65,0.05,9.26,5.53,"수박, 적육질, 생것, 수박, 황육질, 생것"
gwailryu-addemoya,과일류,아떼모야,생,과일류/아떼모야/생,73.0,1.2,0.1,19.0,,"아떼모야, 생것"
gwailryu-aronia,과일류,아로니아,생,과일류/아로니아/생,60.0,0.82,0.21,15.41,4.49,"아로니아, 네로, 생것, 아로니아, 바이킹, 냉동"
gwailryu-abokado,과일류,아보카도,생,과일류/아보카도/생,160.0,2.0,14.66,8.53,0.66,"아보카도, 생것"
gwailryu-aserora,과일류,아세로라,생,과일류/아세로라/생,42.0,0.1,0.0,10.5,,"아세로라, 감미종, 생것, 아세로라 주스, 과즙 음료(10%)"
gwailryu-aepeulsubag,과일류,애플수박,생,과일류/애플수박/생,40.0,0.94,0.81,8.39,6.23,"애플수박, S-비너스, 생것"
gwailryu-aengdu,과일류,앵두,생,과일류/앵두/생,61.0,1.1,0.3,15.2,,"앵두, 생것"
gwailryu-eldeoberi,과일류,엘더베리,생,과일류/엘더베리/생,73.0,0.66,0.5,18.4,,"엘더베리, 생것"
gwailryu-odi,과일류,오디,생,과일류/오디/생,54.0,2.6,0.3,12.0,,"오디, 생것, 오디, 재래종, 생것"
gwailryu-orenji,과일류,오렌지,생,과일류/오렌지/생,47.0,1.15,0.11,11.86,9.16,"오렌지, 생것, 오렌지, 네블, 생것, 오렌지, 발렌시아, 생것, 오렌지 마멀레이드, 오렌지 음료, 캔, 오렌지 주스, 오렌지 착즙"
gwailryu-oryeomja-karambolra,과일류,오렴자(카람볼라),생,과일류/오렴자(카람볼라)/생,30.0,0.7,0.1,7.5,,"오렴자(카람볼라), 생것"
gwailryu-omija,과일류,오미자,생,과일류/오미자/생,81.0,2.1,3.3,12.8,,"오미자, 생것, 오미자, 말린것"
gwailryu-omijaceong,과일류,오미자청,생,과일류/오미자청/생,226.0,0.14,0.26,55.87,50.14,오미자청
gwailryu-olribeu-jeolim,과일류,올리브 (절임),절임,과일류/올리브/절임,137.0,1.09,12.36,5.34,0.0,"올리브 절임, 미숙, 초록색, 올리브 절임, 완숙, 검은색"
gwailryu-yonggwa,과일류,용과,생,과일류/용과/생,44.5,0.95,0.3,10.75,,"용과, 백육종, 생것, 용과, 적육종, 생것, 용과, 황색종, 생것"
gwailryu-yuja,과일류,유자,생,과일류/유자/생,49.0,0.93,0.09,12.59,4.1,"유자, 전체, 생것, 유자, 과육, 생것, 유자, 껍질, 생것"
gwailryu-eureum,과일류,으름,생,과일류/으름/생,158.0,2.0,12.9,11.9,,"으름, 생것"
gwailryu-jadu,과일류,자두,생,과일류/자두/생,32.0,0.6,,8.4,,"자두, 생것, 자두, 대석, 생것, 자두, 후무사, 생것, 자두, 말린것"
gwailryu-jamong,과일류,자몽,생,과일류/자몽/생,31.5,0.66,0.05,8.045,5.56,"자몽, 생것, 자몽 주스, 자몽 착즙"
gwailryu-jaegpeuruteu,과일류,잭프루트,생,과일류/잭프루트/생,95.0,1.72,0.64,23.25,19.08,"잭프루트, 생것"
gwailryu-jaegpeuruteu-tongjorim,과일류,잭프루트 (통조림),통조림,과일류/잭프루트/통조림,92.0,0.36,0.14,23.94,,"잭프루트, 통조림"
gwailryu-camoe,과일류,참외,생,과일류/참외/생,41.5,0.795,0.22,10.32,8.555,"참외, 생것, 씨 제거, 참외, 생것, 씨 포함"
gwailryu-ceri,과일류,체리,생,과일류/체리/생,57.0,1.36,0.15,14.35,8.01,"체리, 생것"
gwailryu-ceri-tongjorim,과일류,체리 (통조림),통조림,과일류/체리/통조림,135.5,0.1,0.01,33.66,22.65,"체리, 통조림, 고형물, 체리, 통조림, 액즙"
gwailryu-keuraenberi,과일류,크랜베리,생,과일류/크랜베리/생,46.0,0.39,0.13,12.2,12.1,"크랜베리, 생것, 크랜베리, 말린것, 가당, 크랜베리 주스, 크랜베리 주스, 칵테일"
gwailryu-kiwi,과일류,키위,생,과일류/키위/생,66.0,0.93,0.63,16.08,6.73,"키위, 골드, 생것, 키위, 그린, 생것, 키위 주스"
gwailryu-taengja,과일류,탱자,생,과일류/탱자/생,84.0,1.3,1.5,18.5,,"탱자, 생것"
gwailryu-painaepeul,과일류,파인애플,생,과일류/파인애플/생,53.0,0.48,0.06,13.61,10.92,"파인애플, 생것, 파인애플, 찐것, 파인애플, 구운것(팬), 파인애플, 넥타, 파인애플 주스, 파인애플 주스, 캔"
gwailryu-painaepeul-tongjorim,과일류,파인애플 (통조림),통조림,과일류/파인애플/통조림,77.0,0.22,0.02,18.995,14.415,"파인애플, 통조림, 고형물, 파인애플, 통조림, 액즙"
gwailryu-papaya,과일류,파파야,생,과일류/파파야/생,40.0,0.7,0.08,10.24,8.78,"파파야, 미숙, 생것, 파파야, 완숙, 생것"
gwailryu-podo,과일류,포도,생,과일류/포도/생,58.0,0.44,0.13,15.18,13.34,"포도, 거봉, 생것, 포도, 거봉, 생것, 껍질 포함, 포도, 나르샤, 생것, 껍질 포함, 포도, 델라웨어, 생것, 포도, 두누리, 생것, 포도, 레드글로브, 생것, 껍질 포함, 포도, 마스캇함브르그, 생것, 포도, 새마루, 생것, 포도, 샤이니스타, 생것, 포도, 샤인머스캣, 생것, 껍질 포함, 포도, 세레단, 생것, 포도, 수옥, 생것, 포도, 스텔라, 생것, 껍질 포함, 포도, 진옥, 생것, 포도, 청수, 생것, 포도, 캠벨얼리, 생것, 포도, 캠벨얼리, 생것, 껍질 포함, 포도, 캠벨얼리, 생것, 껍질과 씨 포함, 포도, 탄금추, 생것, 포도, 탐나라, 생것, 포도, 홍단, 생것, 포도, 홍아람, 생것, 포도, 홍이슬, 생것, 포도, 홍주씨들레스, 생것, 껍질 포함, 포도, 흑구슬, 생것, 포도, 흑보석, 생것, 포도, 힘로드시드레스, 생것, 포도, 힘로드시드레스, 생것, 껍질 포함, 포도, 건포도, 포도, 넥타, 포도, 잼, 포도 음료, 포도 주스"
gwailryu-podo-tongjorim,과일류,포도 (통조림),통조림,과일류/포도/통조림,69.0,0.14,0.02,17.12,14.87,"포도, 통조림"
gwailryu-podojeub,과일류,포도즙,생,과일류/포도즙/생,48.0,0.66,0.01,12.62,9.71,포도즙
gwailryu-peuruteusaelreodeu-tongjorim,과일류,프루트샐러드 (통조림),통조림,과일류/프루트샐러드/통조림,82.0,0.2,0.4,19.3,,"프루트샐러드, 통조림"
gwailryu-peuruteukagteil-tongjorim,과일류,프루트칵테일 (통조림),통조림,과일류/프루트칵테일/통조림,75.0,0.19,0.03,18.52,18.9,"프루트칵테일, 통조림"
gwailryu-peuruteupeonci-tongjorim,과일류,프루트펀치 (통조림),통조림,과일류/프루트펀치/통조림,48.0,0.0,0.0,11.97,11.29,"프루트펀치, 통조림"
gwailryu-peulreomkoteu,과일류,플럼코트,생,과일류/플럼코트/생,47.0,0.61,1.05,9.97,7.5,"플럼코트, 생것"
gita-galsaeg,기타,갈색,생,기타/갈색/생,195.0,23.19,11.0,0.83,0.97,"갈색 거저리, 유충, 생것, 갈색 거저리, 유충, 말린것"
gita-nue,기타,누에,생,기타/누에/생,224.0,22.3,13.3,3.7,,"누에, 번데기, 생것, 누에, 번데기, 말린것"
gita-nue-garu,기타,누에 (가루),가루,기타/누에/가루,482.0,50.85,26.53,10.06,0.0,"누에, 유충, 가루"
gita-nue-tongjorim,기타,누에 (통조림),통조림,기타/누에/통조림,148.0,14.87,8.37,3.42,0.97,"누에, 번데기, 통조림"
gita-danbaegjil-garu,기타,단백질 (가루),가루,기타/단백질/가루,396.0,50.0,12.0,22.0,4.0,"단백질 보충제, 가루, 단백질 보충제, 저지방, 가루"
gita-dalpaengi,기타,달팽이,생,기타/달팽이/생,90.0,16.1,1.4,2.0,0.0,"달팽이, 생것"
gita-dalpaengi-tongjorim,기타,달팽이 (통조림),통조림,기타/달팽이/통조림,75.0,16.5,1.0,0.8,,"달팽이, 통조림"
gita-meddugi,기타,메뚜기,생,기타/메뚜기/생,125.0,24.29,2.26,1.86,0.0,"메뚜기, 성충, 생것"
gita-songhwa-garu,기타,송화 (가루),가루,기타/송화/가루,392.0,11.46,2.95,79.79,16.96,"송화, 가루"
gita-susemi,기타,수세미,생,기타/수세미/생,4.0,0.8,,0.7,,"수세미, 수액"
gita-insam,기타,인삼,생,기타/인삼/생,88.0,3.83,0.725,18.54,8.64,"인삼, 백삼, 말린것, 인삼, 수삼, 생것, 인삼, 수삼, 삶은것, 인삼, 홍삼, 말린것, 인삼, 홍삼, 추출"
gita-jangsupungdengi,기타,장수풍뎅이,생,기타/장수풍뎅이/생,502.0,44.62,27.21,19.55,0.0,"장수풍뎅이, 유충, 말린것"
gita-cijaggoc,기타,치자꽃,생,기타/치자꽃/생,66.0,1.3,0.1,14.9,,"치자꽃, 생것"
gita-peuropolriseu,기타,프로폴리스,생,기타/프로폴리스/생,642.0,0.5,50.3,46.9,,프로폴리스
gita-hwabun,기타,화분,생,기타/화분/생,397.0,20.8,9.9,56.3,40.34,화분
gita-hyinjeombagi,기타,흰점박이,생,기타/흰점박이/생,122.0,15.78,5.2,2.9,0.0,"흰점박이 꽃무지, 유충, 생것, 흰점박이 꽃무지, 유충, 말린것"
nanryu-geowial,난류,거위알,생,난류/거위알/생,190.0,12.95,13.85,0.9,,"거위알, 생것, 거위알, 삶은것"
nanryu-gireogial,난류,기러기알,생,난류/기러기알/생,202.5,12.7,14.4,3.2,,"기러기알, 생것, 기러기알, 삶은것"
nanryu-dalgyal,난류,달걀,생,난류/달걀/생,145.0,12.3,11.7,0.2,,"달걀, 생것, 달걀, 삶은것, 달걀, 난백, 생것, 달걀, 난백, 삶은것, 달걀, 난황, 생것, 달걀, 난황, 삶은것, 달걀, 난황액, 설탕첨가, 달걀, 부침(달걀프라이), 달걀, 수란, 중탕, 달걀, 스크램블드에그, 달걀, 유정란, 생것, 달걀, 유정란, 난백, 생것, 달걀, 유정란, 난황, 생것"
nanryu-dalgyal-garu,난류,달걀 (가루),가루,난류/달걀/가루,592.0,48.05,43.9,1.13,0.56,"달걀, 가루, 달걀, 난백, 가루, 달걀, 난황, 가루"
nanryu-mecurial,난류,메추리알,생,난류/메추리알/생,150.5,12.64,9.57,1.665,0.0,"메추리알, 생것, 메추리알, 삶은것, 메추리알, 난백, 생것, 메추리알, 난백, 삶은것, 메추리알, 난황, 생것, 메추리알, 난황, 삶은것"
nanryu-orial,난류,오리알,생,난류/오리알/생,177.0,13.25,11.86,2.22,0.0,"오리알, 생것, 오리알, 삶은것, 오리알, 난백, 생것, 오리알, 난백, 삶은것, 오리알, 난황, 생것, 오리알, 난황, 삶은것, 오리알, 피단, 오리알, 청둥오리, 생것"
dangryu-gwadang,당류,과당,생,당류/과당/생,375.0,,,99.9,,과당
dangryu-ggeom,당류,껌,생,당류/껌/생,387.5,0.0,0.0,,,"껌, 무설탕, 껌, 추잉 껌, 껌, 풍선껌"
dangryu-ggul,당류,꿀,생,당류/꿀/생,313.0,0.38,0.02,84.83,67.37,"꿀, 꿀, 밤, 꿀, 아카시아, 꿀, 잡화, 꿀, 토종"
dangryu-dangmil,당류,당밀,생,당류/당밀/생,274.0,0.2,,68.2,,"당밀, 가공당"
dangryu-mulyeos,당류,물엿,생,당류/물엿/생,306.0,0.02,0.0,79.19,43.97,물엿
dangryu-seoltang,당류,설탕,생,당류/설탕/생,386.0,0.03,0.0,99.8,99.5,"설탕, 각설탕, 설탕, 백설탕, 설탕, 비정제, 설탕, 빙설탕, 설탕, 황설탕, 설탕, 흑설탕"
dangryu-seoltang-garu,당류,설탕 (가루),가루,당류/설탕/가루,389.0,0.0,0.0,99.77,97.81,"설탕, 가루"
dangryu-sireob,당류,시럽,생,당류/시럽/생,260.0,0.04,0.06,67.04,60.46,"시럽, 단풍나무, 시럽, 바닐라, 시럽, 올리고당, 시럽, 초콜릿, 시럽, 캐러멜"
dangryu-yanggaeng,당류,양갱,생,당류/양갱/생,298.0,3.37,0.14,73.44,41.94,"양갱, 팥"
dangryu-yeos,당류,엿,생,당류/엿/생,357.0,1.22,0.3,92.5,86.42,"엿, 쌀"
dangryu-jelratin-garu,당류,젤라틴 (가루),가루,당류/젤라틴/가루,381.0,7.8,0.0,90.5,86.04,"젤라틴, 디저트용, 가루"
dangryu-jelri,당류,젤리,생,당류/젤리/생,344.0,7.5,0.42,77.53,50.0,"젤리, 구미"
dangryu-joceong,당류,조청,생,당류/조청/생,323.0,1.7,0.1,86.0,,"조청, 고구마, 조청, 도라지, 조청, 쌀"
dangryu-cokoba,당류,초코바,생,당류/초코바/생,479.0,9.36,21.51,61.98,48.03,"초코바, 땅콩 캐러멜, 초코바, 쿠키 캐러멜"
dangryu-cokolris,당류,초콜릿,생,당류/초콜릿/생,549.0,7.8,32.54,56.17,46.18,"초콜릿, 다크 초콜릿, 초콜릿, 땅콩 초콜릿, 초콜릿, 밀크 아몬드 초콜릿, 초콜릿, 밀크 초콜릿, 초콜릿, 스위트 초콜릿, 초콜릿, 크런치 초콜릿, 초콜릿, 화이트 초콜릿"
dangryu-kaereomel,당류,캐러멜,생,당류/캐러멜/생,408.0,3.61,8.3,79.78,56.22,"캐러멜, 우유"
dangryu-keoseuteodeu,당류,커스터드,생,당류/커스터드/생,143.0,0.04,0.87,33.74,18.76,커스터드
dangryu-keoseuteodeu-garu,당류,커스터드 (가루),가루,당류/커스터드/가루,426.0,1.06,8.03,87.3,40.5,"커스터드, 가루, 커스터드, 가루, 물에 섞은것"
dangryu-pododang,당류,포도당,생,당류/포도당/생,342.0,,,91.0,,포도당
dangryu-puding,당류,푸딩,생,당류/푸딩/생,233.0,3.4,13.84,23.64,21.55,"푸딩, 밀크, 캐러멜, 푸딩, 커스터드"
duryu-gangnangkong,두류,강낭콩,생,두류/강낭콩/생,174.0,8.8,0.86,32.35,1.65,"강낭콩, 생것, 강낭콩, 삶은것, 강낭콩, 말린것, 강낭콩, 말린것, 삶은것"
duryu-nogdu,두류,녹두,생,두류/녹두/생,158.0,11.29,0.67,26.66,0.0,"녹두, 말린것, 녹두, 삶은것, 녹두 빈대떡가루, 반죽, 녹두 국수, 말린것"
duryu-nogdu-garu,두류,녹두 (가루),가루,두류/녹두/가루,347.0,20.7,1.2,63.4,,"녹두 빈대떡, 가루"
duryu-nogdumug,두류,녹두묵,생,두류/녹두묵/생,40.0,0.12,0.03,9.81,0.02,녹두묵
duryu-daedu,두류,대두,생,두류/대두/생,407.5,36.015,15.04,32.785,4.94,"대두, 검은색, 서리태, 말린것, 대두, 검은색, 서리태, 삶은것, 대두, 검은색, 서리태, 볶은것, 대두, 검은색, 청자3호, 말린것, 대두, 검은색, 청자3호, 볶은것, 대두, 검은색, 흑태, 말린것, 대두, 검은색, 흑태, 삶은것, 대두, 검은색, 흑태, 볶은것, 대두, 노란색, 말린것, 대두, 노란색, 삶은것, 대두, 노란색, 볶은것, 대두, 노란색, 대풍, 말린것, 대두, 노란색, 대풍, 볶은것, 대두, 노란색, 미국산, 말린것, 대두, 노란색, 중국산, 말린것, 대두, 콩가루"
duryu-dongbu,두류,동부,생,두류/동부/생,166.0,9.51,1.02,29.34,0.21,"동부, 생것, 동부, 삶은것, 동부, 말린것, 동부, 수입산, 말린것, 동부, 수입산, 삶은것"
duryu-dubu,두류,두부,생,두류/두부/생,97.0,9.62,4.63,3.75,0.0,"두부, 두부, 동두부, 동결건조, 두부, 순두부, 두부, 연두부, 두부, 유부, 두부, 유부, 조미"
duryu-duyu,두류,두유,생,두류/두유/생,77.0,3.4,3.15,8.76,4.54,"두유, 대두, 두유, 검은콩, 두유, 검은콩, 검은참깨, 두유, 콩국물, 소금 0.3%"
duryu-renjeukong-rentilkong,두류,렌즈콩(렌틸콩),생,두류/렌즈콩(렌틸콩)/생,366.5,23.11,1.625,63.99,1.75,"렌즈콩(렌틸콩), 갈색, 말린것, 렌즈콩(렌틸콩), 빨간색, 말린것, 렌즈콩(렌틸콩), 빨간색, 말린것, 삶은것"
duryu-rimakong,두류,리마콩,생,두류/리마콩/생,306.0,21.9,1.8,60.8,1.2,"리마콩, 말린것, 리마콩, 삶은것"
duryu-bamkong,두류,밤콩,생,두류/밤콩/생,410.0,35.0,17.2,30.6,,"밤콩, 갈색, 말린것"
duryu-byeongarikong,두류,병아리콩,생,두류/병아리콩/생,183.0,9.18,3.2,29.24,0.71,"병아리콩, 말린것, 병아리콩, 말린것, 삶은것"
duryu-biji,두류,비지,생,두류/비지/생,51.0,4.0,1.93,4.61,0.5,비지
duryu-wandu,두류,완두,생,두류/완두/생,174.0,13.03,1.35,27.06,2.04,"완두, 생것, 완두, 삶은것, 완두, 말린것, 완두, 말린것, 삶은것"
duryu-jagdu-dodu,두류,작두(도두),생,두류/작두(도두)/생,344.0,26.3,1.0,57.4,,"작두(도두), 생것, 작두(도두), 말린것"
duryu-jamdu,두류,잠두,생,두류/잠두/생,341.0,26.12,1.53,58.29,5.7,"잠두, 말린것, 잠두, 삶은것"
duryu-jwinunikong-geomjeongsoribkong,두류,쥐눈이콩(검정소립콩),생,두류/쥐눈이콩(검정소립콩)/생,403.0,37.32,14.61,30.59,5.58,"쥐눈이콩(검정소립콩), 말린것, 쥐눈이콩(검정소립콩), 삶은것, 쥐눈이콩(검정소립콩), 볶은것"
duryu-kongjorim-kongjaban,두류,콩조림(콩자반),생,두류/콩조림(콩자반)/생,239.0,14.11,6.77,30.35,13.92,콩조림(콩자반)
duryu-pat,두류,팥,생,두류/팥/생,336.5,21.11,1.055,59.395,0.45,"팥, 검은색, 말린것, 팥, 검은색, 검구슬, 말린것, 팥, 검은색, 삶은것, 팥, 녹색, 연두채, 말린것, 팥, 적색, 말린것, 팥, 적색, 서나, 말린것, 팥, 적색, 아라리, 말린것, 팥, 적색, 삶은것, 팥, 황백, 말린것, 팥, 황백, 흰구슬, 말린것, 팥, 황백, 흰나래, 말린것, 팥, 앙금, 팥, 팥빙수용 단팥"
eopaeryu-mic-geu-jepum-garaji,어패류 및 그 제품,가라지,생,어패류 및 그 제품/가라지/생,78.0,14.8,1.3,0.7,,"가라지, 생것"
eopaeryu-mic-geu-jepum-garibi,어패류 및 그 제품,가리비,생,어패류 및 그 제품/가리비/생,89.0,17.6,1.9,1.9,,"가리비, 생것, 가리비, 삶은것, 가리비, 튀긴것(빵가루), 가리비, 말린것, 가리비, 관자, 생것, 가리비, 관자, 삶아서 말린것, 가리비, 관자, 냉동, 가리비, 국자가리비, 생것, 가리비, 비단가리비, 생것, 가리비, 큰가리비, 생것"
eopaeryu-mic-geu-jepum-garibi-tongjorim,어패류 및 그 제품,가리비 (통조림),통조림,어패류 및 그 제품/가리비/통조림,107.0,21.6,0.3,4.4,,"가리비, 통조림"
eopaeryu-mic-geu-jepum-gamulci,어패류 및 그 제품,가물치,생,어패류 및 그 제품/가물치/생,86.0,18.2,0.8,0.3,,"가물치, 생것"
eopaeryu-mic-geu-jepum-gasimangdug,어패류 및 그 제품,가시망둑,생,어패류 및 그 제품/가시망둑/생,101.0,22.4,0.7,0.0,,"가시망둑, 생것"
eopaeryu-mic-geu-jepum-gaori,어패류 및 그 제품,가오리,생,어패류 및 그 제품/가오리/생,97.5,21.9,0.55,0.0,,"가오리, 나비가오리, 생것, 가오리, 노랑가오리, 생것, 가오리, 목탁가오리, 생것, 가오리, 전기가오리, 생것, 가오리, 조미하여 말린것"
eopaeryu-mic-geu-jepum-gajami,어패류 및 그 제품,가자미,생,어패류 및 그 제품/가자미/생,82.0,18.2,0.4,0.7,,"가자미, 생것, 가자미, 각시가자미, 생것, 가자미, 갈가자미, 생것, 가자미, 기름가자미, 생것, 가자미, 눈가자미, 생것, 가자미, 돌가자미, 생것, 가자미, 문치가자미, 생것, 가자미, 범가자미, 생것, 가자미, 술봉가자미, 생것, 가자미, 용가자미, 생것, 가자미, 줄가자미, 생것, 가자미, 참가자미, 생것"
eopaeryu-mic-geu-jepum-gajae,어패류 및 그 제품,가재,생,어패류 및 그 제품/가재/생,84.5,16.435,1.45,0.4,0.0,"가재, 갯가재, 생것, 가재, 갯가재, 삶은것, 가재, 바닷가재, 생것, 가재, 바닷가재, 찐것"
eopaeryu-mic-geu-jepum-gagsisurang,어패류 및 그 제품,각시수랑,생,어패류 및 그 제품/각시수랑/생,70.0,15.0,0.3,0.9,,"각시수랑, 생것"
eopaeryu-mic-geu-jepum-galci,어패류 및 그 제품,갈치,생,어패류 및 그 제품/갈치/생,121.0,20.0,3.9,0.0,,"갈치, 생것, 갈치, 동갈치, 생것, 갈치, 동동갈치, 생것, 갈치, 얼간, 갈치, 젓갈"
eopaeryu-mic-geu-jepum-gangdali,어패류 및 그 제품,강달이,생,어패류 및 그 제품/강달이/생,109.0,17.0,3.9,0.1,,"강달이, 눈강달이, 생것, 강달이, 눈강달이, 젓갈"
eopaeryu-mic-geu-jepum-gaebul,어패류 및 그 제품,개불,생,어패류 및 그 제품/개불/생,53.0,10.5,0.2,1.6,,"개불, 생것"
eopaeryu-mic-geu-jepum-ge,어패류 및 그 제품,게,생,어패류 및 그 제품/게/생,77.0,16.19,0.7,0.43,0.41,"게, 꽃게, 생것, 게, 꽃게, 찐것, 게, 닭게, 생것, 게, 닭게, 삶은것, 게, 닭게, 젓갈, 게, 대게, 생것, 게, 대게, 삶은것, 게, 대게, 삶아서 말린것, 게, 민꽃게, 생것, 게, 방게, 생것, 게, 붉은대게, 생것, 게, 왕게, 생것, 게, 왕게, 삶은것, 게, 주름송편게, 생것, 게, 참게, 생것"
eopaeryu-mic-geu-jepum-ge-tongjorim,어패류 및 그 제품,게 (통조림),통조림,어패류 및 그 제품/게/통조림,69.0,16.3,0.4,0.2,,"게, 대게, 통조림"
eopaeryu-mic-geu-jepum-gereuci,어패류 및 그 제품,게르치,생,어패류 및 그 제품/게르치/생,159.5,21.5,7.95,0.0,,"게르치, 생것, 게르치, 삶은것"
eopaeryu-mic-geu-jepum-gemassal,어패류 및 그 제품,게맛살,생,어패류 및 그 제품/게맛살/생,118.5,7.705,1.105,19.38,3.36,"게맛살, 어육함량이 낮은것, 게맛살, 어육함량이 낮은것, 데친것, 게맛살, 어육함량이 높은것"
eopaeryu-mic-geu-jepum-godung,어패류 및 그 제품,고둥,생,어패류 및 그 제품/고둥/생,104.0,17.7,1.1,4.5,,"고둥, 갈색고리돼지고둥, 생것, 고둥, 갈색띠매물고둥, 생것, 고둥, 관절매물고둥(보라골뱅이), 생것, 고둥, 긴고둥(긴뿔고둥), 생것, 고둥, 나팔고둥, 생것, 고둥, 두드럭고둥, 생것, 고둥, 매끈이고둥, 생것, 고둥, 물레고둥, 생것, 고둥, 민허리돼지고둥, 생것, 고둥, 보말고둥, 생것, 고둥, 보말고둥, 삶은것, 고둥, 비단고둥, 생것, 고둥, 세고리물레고둥, 생것, 고둥, 위고둥, 생것, 고둥, 조각매물고둥, 생것, 고둥, 콩깍지고둥, 생것, 고둥, 털탑고둥, 생것, 고둥, 피뿔고둥, 생것"
eopaeryu-mic-geu-jepum-godeungeo,어패류 및 그 제품,고등어,생,어패류 및 그 제품/고등어/생,285.0,20.26,21.23,0.0,0.0,"고등어, 생것, 고등어, 남해, 생것, 고등어, 서해, 생것, 고등어, 삶은것, 고등어, 구운것, 고등어, 반건조, 고등어, 자반고등어"
eopaeryu-mic-geu-jepum-godeungeo-tongjorim,어패류 및 그 제품,고등어 (통조림),통조림,어패류 및 그 제품/고등어/통조림,161.0,23.47,7.14,0.64,0.0,"고등어, 통조림, 고등어, 통조림, 고형물"
eopaeryu-mic-geu-jepum-goedoraci,어패류 및 그 제품,괴도라치,생,어패류 및 그 제품/괴도라치/생,74.0,17.2,0.1,,,"괴도라치, 생것"
eopaeryu-mic-geu-jepum-gunso,어패류 및 그 제품,군소,생,어패류 및 그 제품/군소/생,43.0,7.7,0.9,0.5,,"군소, 생것, 군소, 풍선군소, 생것"
eopaeryu-mic-geu-jepum-gunpyeongseoni,어패류 및 그 제품,군평선이,생,어패류 및 그 제품/군평선이/생,103.0,18.5,2.6,0.2,,"군평선이, 생것"
eopaeryu-mic-geu-jepum-gul,어패류 및 그 제품,굴,생,어패류 및 그 제품/굴/생,88.0,10.5,2.4,5.1,,"굴, 석굴, 생것, 굴, 참굴, 생것, 굴, 참굴, 삶은것, 굴, 참굴, 양식, 생것, 굴, 참굴, 양념젓갈(어리굴젓), 굴, 토굴, 생것, 굴, 냉동, 굴, 튀긴것(튀김옷)"
eopaeryu-mic-geu-jepum-gul-tongjorim,어패류 및 그 제품,굴 (통조림),통조림,어패류 및 그 제품/굴/통조림,83.0,14.7,2.7,0.0,,"굴, 통조림, 굴, 통조림, 훈제"
eopaeryu-mic-geu-jepum-gireumjonggae,어패류 및 그 제품,기름종개,생,어패류 및 그 제품/기름종개/생,107.0,17.5,3.3,0.5,,"기름종개, 생것"
eopaeryu-mic-geu-jepum-gganari,어패류 및 그 제품,까나리,생,어패류 및 그 제품/까나리/생,114.0,16.0,4.8,0.3,,"까나리, 생것, 까나리, 삶아서 말린것, 까나리, 액젓"
eopaeryu-mic-geu-jepum-ggeogjeogi,어패류 및 그 제품,꺽저기,생,어패류 및 그 제품/꺽저기/생,92.0,19.5,1.0,0.1,,"꺽저기, 생것"
eopaeryu-mic-geu-jepum-ggomag,어패류 및 그 제품,꼬막,생,어패류 및 그 제품/꼬막/생,63.0,12.6,0.3,1.6,,"꼬막, 생것, 꼬막, 새꼬막, 생것"
eopaeryu-mic-geu-jepum-ggocigogi,어패류 및 그 제품,꼬치고기,생,어패류 및 그 제품/꼬치고기/생,97.0,20.5,0.8,0.7,,"꼬치고기, 생것"
eopaeryu-mic-geu-jepum-ggolddugi,어패류 및 그 제품,꼴뚜기,생,어패류 및 그 제품/꼴뚜기/생,83.0,16.0,2.0,0.3,,"꼴뚜기, 불똥꼴뚜기, 생것, 꼴뚜기, 불똥꼴뚜기, 삶은것, 꼴뚜기, 불똥꼴뚜기, 조린것, 꼴뚜기, 불똥꼴뚜기, 조미훈제, 꼴뚜기, 참꼴뚜기, 생것, 꼴뚜기, 참꼴뚜기, 삶아서 말린것, 꼴뚜기, 창꼴뚜기, 생것, 꼴뚜기, 젓갈, 꼴뚜기, 양념젓갈"
eopaeryu-mic-geu-jepum-ggomci,어패류 및 그 제품,꼼치,생,어패류 및 그 제품/꼼치/생,70.0,16.4,0.1,0.0,,"꼼치, 생것"
eopaeryu-mic-geu-jepum-ggongci,어패류 및 그 제품,꽁치,생,어패류 및 그 제품/꽁치/생,178.0,20.1,9.8,0.2,,"꽁치, 생것, 꽁치, 구운것, 꽁치, 염장"
eopaeryu-mic-geu-jepum-ggongci-tongjorim,어패류 및 그 제품,꽁치 (통조림),통조림,어패류 및 그 제품/꽁치/통조림,178.0,19.0,10.3,2.4,,"꽁치, 통조림, 꽁치, 통조림, 고형물, 꽁치, 통조림, 조미"
eopaeryu-mic-geu-jepum-ggongci-gwamegi,어패류 및 그 제품,꽁치(과메기),생,어패류 및 그 제품/꽁치(과메기)/생,421.0,32.1,29.9,0.9,,"꽁치(과메기), 동건품"
eopaeryu-mic-geu-jepum-nagji,어패류 및 그 제품,낙지,생,어패류 및 그 제품/낙지/생,55.0,11.5,0.6,0.1,,"낙지, 생것, 낙지, 세발낙지, 생것, 낙지, 양념젓갈"
eopaeryu-mic-geu-jepum-nalci,어패류 및 그 제품,날치,생,어패류 및 그 제품/날치/생,124.0,26.4,1.3,,,"날치, 생것, 날치, 염장, 날치, 알, 생것"
eopaeryu-mic-geu-jepum-nabjiri,어패류 및 그 제품,납지리,생,어패류 및 그 제품/납지리/생,86.0,17.5,1.2,0.1,,"납지리, 생것"
eopaeryu-mic-geu-jepum-neobci-gwangeo,어패류 및 그 제품,넙치(광어),생,어패류 및 그 제품/넙치(광어)/생,125.0,22.36,3.28,0.0,0.0,"넙치(광어), 생것, 넙치(광어), 껍질, 생것"
eopaeryu-mic-geu-jepum-nedonggari,어패류 및 그 제품,네동가리,생,어패류 및 그 제품/네동가리/생,82.0,19.2,0.1,0.1,,"네동가리, 생것"
eopaeryu-mic-geu-jepum-norangcogsu,어패류 및 그 제품,노랑촉수,생,어패류 및 그 제품/노랑촉수/생,248.0,7.1,19.5,8.3,,"노랑촉수, 생것"
eopaeryu-mic-geu-jepum-noraemi,어패류 및 그 제품,노래미,생,어패류 및 그 제품/노래미/생,87.0,17.5,1.25,0.4,,"노래미, 생것, 노래미, 줄노래미, 생것, 노래미, 쥐노래미, 생것"
eopaeryu-mic-geu-jepum-nolraegi,어패류 및 그 제품,놀래기,생,어패류 및 그 제품/놀래기/생,98.0,18.9,1.9,0.1,,"놀래기, 생것, 놀래기, 사랑놀래기, 생것, 놀래기, 용치놀래기, 생것, 놀래기, 황놀래기, 생것"
eopaeryu-mic-geu-jepum-nongeo,어패류 및 그 제품,농어,생,어패류 및 그 제품/농어/생,96.0,18.2,1.9,0.2,,"농어, 생것, 농어, 구운것, 농어, 점농어, 생것"
eopaeryu-mic-geu-jepum-nuci,어패류 및 그 제품,누치,생,어패류 및 그 제품/누치/생,105.0,17.3,3.0,0.8,,"누치, 생것"
eopaeryu-mic-geu-jepum-nunboldae,어패류 및 그 제품,눈볼대,생,어패류 및 그 제품/눈볼대/생,144.0,22.3,5.3,0.0,,"눈볼대, 생것"
eopaeryu-mic-geu-jepum-nuntungmyeol,어패류 및 그 제품,눈퉁멸,생,어패류 및 그 제품/눈퉁멸/생,138.0,18.5,6.2,0.4,,"눈퉁멸, 생것, 눈퉁멸, 포, 말린것"
eopaeryu-mic-geu-jepum-neungseongeo,어패류 및 그 제품,능성어,생,어패류 및 그 제품/능성어/생,93.0,18.8,1.3,0.3,,"능성어, 생것"
eopaeryu-mic-geu-jepum-dageumbari,어패류 및 그 제품,다금바리,생,어패류 및 그 제품/다금바리/생,100.0,19.3,1.9,0.1,,"다금바리, 생것"
eopaeryu-mic-geu-jepum-darangeo,어패류 및 그 제품,다랑어,생,어패류 및 그 제품/다랑어/생,113.5,24.2,1.15,0.15,,"다랑어, 가다랑어, 생것, 다랑어, 가다랑어 육수, 농축, 다랑어, 가다랑어 육수, 다랑어, 참다랑어, 생것, 다랑어, 참다랑어, 붉은살, 생것, 다랑어, 참다랑어, 지방육, 생것, 다랑어, 참다랑어, 구운것, 다랑어, 참다랑어, 냉동, 다랑어, 황다랑어, 생것"
eopaeryu-mic-geu-jepum-darangeo-tongjorim,어패류 및 그 제품,다랑어 (통조림),통조림,어패류 및 그 제품/다랑어/통조림,185.0,22.31,10.6,0.0,0.0,"다랑어, 가다랑어, 통조림, 유지"
eopaeryu-mic-geu-jepum-daseulgi,어패류 및 그 제품,다슬기,생,어패류 및 그 제품/다슬기/생,85.0,11.9,1.2,5.7,,"다슬기, 생것, 다슬기, 곳체다슬기, 생것, 다슬기, 띠구슬다슬기, 생것, 다슬기, 염주알다슬기, 생것, 다슬기, 좀주름다슬기, 생것, 다슬기, 주름다슬기, 생것, 다슬기, 참다슬기, 생것"
eopaeryu-mic-geu-jepum-dalgangeo,어패류 및 그 제품,달강어,생,어패류 및 그 제품/달강어/생,121.0,19.7,4.0,0.1,,"달강어, 생것"
eopaeryu-mic-geu-jepum-dalgogi,어패류 및 그 제품,달고기,생,어패류 및 그 제품/달고기/생,97.0,19.1,1.4,0.7,,"달고기, 생것"
eopaeryu-mic-geu-jepum-damci,어패류 및 그 제품,담치,생,어패류 및 그 제품/담치/생,84.0,11.9,1.7,4.4,,"담치, 지중해담치, 생것, 담치, 진주담치, 생것, 담치, 진주담치, 구운것, 담치, 진주담치, 양식, 생것, 담치, 참담치(홍합), 생것, 담치, 참담치(홍합), 삶아서 말린것"
eopaeryu-mic-geu-jepum-damci-tongjorim,어패류 및 그 제품,담치 (통조림),통조림,어패류 및 그 제품/담치/통조림,89.0,15.8,2.3,1.3,,"담치, 참담치(홍합), 통조림"
eopaeryu-mic-geu-jepum-daegu,어패류 및 그 제품,대구,생,어패류 및 그 제품/대구/생,81.0,18.2,0.43,0.0,0.0,"대구, 생것, 대구, 수컷, 생것, 대구, 암컷, 생것, 대구, 구운것, 대구, 말린것, 대구, 냉동, 대구, 소금에 절여 반건조, 대구, 염장, 대구, 포, 말린것, 대구, 내장, 생것, 대구, 알, 생것, 대구, 젓갈, 대구, 아가미, 젓갈, 대구, 빨간대구, 생것, 대구, 은대구, 생것"
eopaeryu-mic-geu-jepum-daegu-twigim,어패류 및 그 제품,대구 (튀김),튀김,어패류 및 그 제품/대구/튀김,106.0,13.7,0.8,11.1,,"대구 튀김, 냉동"
eopaeryu-mic-geu-jepum-daeguhoesdae,어패류 및 그 제품,대구횟대,생,어패류 및 그 제품/대구횟대/생,93.0,19.5,0.9,0.5,,"대구횟대, 생것"
eopaeryu-mic-geu-jepum-daedueo-heugyeon,어패류 및 그 제품,대두어(흑연),생,어패류 및 그 제품/대두어(흑연)/생,96.0,17.5,2.1,0.5,,"대두어(흑연), 생것"
eopaeryu-mic-geu-jepum-daesuri,어패류 및 그 제품,대수리,생,어패류 및 그 제품/대수리/생,112.0,18.8,2.6,1.9,,"대수리, 생것"
eopaeryu-mic-geu-jepum-daehab,어패류 및 그 제품,대합,생,어패류 및 그 제품/대합/생,62.0,12.0,0.8,1.0,,"대합, 북방대합, 생것"
eopaeryu-mic-geu-jepum-dodari,어패류 및 그 제품,도다리,생,어패류 및 그 제품/도다리/생,78.0,17.6,0.2,0.5,,"도다리, 생것"
eopaeryu-mic-geu-jepum-dodobari,어패류 및 그 제품,도도바리,생,어패류 및 그 제품/도도바리/생,95.0,19.4,1.2,0.5,,"도도바리, 생것"
eopaeryu-mic-geu-jepum-dorumug,어패류 및 그 제품,도루묵,생,어패류 및 그 제품/도루묵/생,113.0,16.0,4.6,0.5,,"도루묵, 생것, 도루묵, 소금에 절여 말린것"
eopaeryu-mic-geu-jepum-doci,어패류 및 그 제품,도치,생,어패류 및 그 제품/도치/생,62.0,7.2,3.0,0.9,,"도치, 생것"
eopaeryu-mic-geu-jepum-doggasici,어패류 및 그 제품,독가시치,생,어패류 및 그 제품/독가시치/생,97.0,20.3,1.2,0.0,,"독가시치, 생것"
eopaeryu-mic-geu-jepum-dom,어패류 및 그 제품,돔,생,어패류 및 그 제품/돔/생,102.0,19.3,2.3,0.0,,"돔, 각시돔, 생것, 돔, 감성돔, 생것, 돔, 강담돔, 생것, 돔, 구갈돔, 생것, 돔, 금눈돔, 생것, 돔, 꼽새돔, 생것, 돔, 도화돔, 생것, 돔, 독돔, 생것, 돔, 돌돔, 생것, 돔, 백미돔, 생것, 돔, 범돔, 생것, 돔, 벵에돔, 생것, 돔, 뿔돔, 생것, 돔, 샛돔, 생것, 돔, 실꼬리돔, 생것, 돔, 실붉돔, 생것, 돔, 어름돔, 생것, 돔, 옥돔, 생것, 돔, 옥돔, 삶은것, 돔, 옥돔, 구운것, 돔, 옥돔, 반건조, 돔, 육동가리돔, 생것, 돔, 자리돔, 생것, 돔, 참돔, 생것, 돔, 참돔, 삶은것, 돔, 참돔, 구운것, 돔, 참돔, 껍질, 생것, 돔, 호박돔, 생것, 돔, 혹돔, 생것, 돔, 황돔, 생것, 돔, 황줄돔, 생것"
eopaeryu-mic-geu-jepum-dongsari,어패류 및 그 제품,동사리,생,어패류 및 그 제품/동사리/생,81.0,16.9,1.0,0.0,,"동사리, 생것"
eopaeryu-mic-geu-jepum-dongjagae-bbagasari,어패류 및 그 제품,동자개(빠가사리),생,어패류 및 그 제품/동자개(빠가사리)/생,81.0,15.7,1.6,0.0,,"동자개(빠가사리), 생것"
eopaeryu-mic-geu-jepum-dongjug,어패류 및 그 제품,동죽,생,어패류 및 그 제품/동죽/생,69.0,11.8,1.6,0.9,,"동죽, 생것"
eopaeryu-mic-geu-jepum-dugjunggae,어패류 및 그 제품,둑중개,생,어패류 및 그 제품/둑중개/생,108.0,15.8,5.8,0.2,,"둑중개, 생것, 둑중개, 삶은것, 둑중개, 조린것"
eopaeryu-mic-geu-jepum-deureongheori,어패류 및 그 제품,드렁허리,생,어패류 및 그 제품/드렁허리/생,92.0,17.9,1.7,0.0,,"드렁허리, 생것"
eopaeryu-mic-geu-jepum-deunggasici,어패류 및 그 제품,등가시치,생,어패류 및 그 제품/등가시치/생,79.0,18.5,0.1,,,"등가시치, 생것"
eopaeryu-mic-geu-jepum-mansaegi,어패류 및 그 제품,만새기,생,어패류 및 그 제품/만새기/생,100.0,21.3,1.9,,,"만새기, 생것"
eopaeryu-mic-geu-jepum-mas,어패류 및 그 제품,맛,생,어패류 및 그 제품/맛/생,95.0,16.1,1.8,2.5,,"맛, 붉은맛(큰죽합), 생것"
eopaeryu-mic-geu-jepum-mangdugeo-pulmangdug,어패류 및 그 제품,망둑어(풀망둑),생,어패류 및 그 제품/망둑어(풀망둑)/생,77.0,16.4,0.7,0.3,,"망둑어(풀망둑), 생것"
eopaeryu-mic-geu-jepum-maetungi,어패류 및 그 제품,매퉁이,생,어패류 및 그 제품/매퉁이/생,93.0,20.8,0.5,0.1,,"매퉁이, 생것"
eopaeryu-mic-geu-jepum-meongge,어패류 및 그 제품,멍게,생,어패류 및 그 제품/멍게/생,73.0,8.7,2.1,4.9,,"멍게, 양식, 생것, 멍게, 양념젓갈, 멍게, 끈멍게, 생것, 멍게, 붉은멍게, 생것"
eopaeryu-mic-geu-jepum-meongge-ureongswengi,어패류 및 그 제품,멍게(우렁쉥이),생,어패류 및 그 제품/멍게(우렁쉥이)/생,27.0,5.0,0.8,0.8,,"멍게(우렁쉥이), 생것"
eopaeryu-mic-geu-jepum-megi,어패류 및 그 제품,메기,생,어패류 및 그 제품/메기/생,78.0,16.4,0.9,0.1,,"메기, 생것, 메기, 물메기, 생것, 메기, 붉은메기, 생것"
eopaeryu-mic-geu-jepum-myeolci,어패류 및 그 제품,멸치,생,어패류 및 그 제품/멸치/생,118.0,14.0,6.3,0.0,,"멸치, 생것, 멸치, 대멸치, 삶아서 말린것, 멸치, 중멸치, 삶아서 말린것, 멸치, 잔멸치, 삶아서 말린것, 멸치 육수, 멸치 육수, 티백, 채소 포함, 멸치, 액젓, 멸치, 액젓, 수입산, 멸치, 젓갈"
eopaeryu-mic-geu-jepum-myeolci-boggeum,어패류 및 그 제품,멸치 (볶음),볶음,어패류 및 그 제품/멸치/볶음,262.0,23.3,11.2,17.0,,"멸치 볶음, 멸치풋고추볶음, 멸치 볶음, 잔멸치볶음"
eopaeryu-mic-geu-jepum-myeolci-tongjorim,어패류 및 그 제품,멸치 (통조림),통조림,어패류 및 그 제품/멸치/통조림,170.0,9.7,14.6,0.0,,"멸치, 통조림, 유지"
eopaeryu-mic-geu-jepum-myeongtae,어패류 및 그 제품,명태,생,어패류 및 그 제품/명태/생,111.0,25.2,0.5,0.0,,"명태, 생것, 명태, 구운것, 명태, 노가리, 말린것, 명태, 동태, 냉동, 명태, 먹태, 포, 말린것, 명태, 북어, 말린것, 명태, 코다리, 반건조, 명태, 코다리, 반건조, 구운것, 명태, 황태, 포, 말린것, 명태, 포, 조미하여 말린것, 명태, 내장, 양념젓갈(창난젓), 명태, 알, 생것, 명태, 알, 양념젓갈(명란젓)"
eopaeryu-mic-geu-jepum-moraemuji,어패류 및 그 제품,모래무지,생,어패류 및 그 제품/모래무지/생,77.0,15.7,1.1,0.0,,"모래무지, 생것"
eopaeryu-mic-geu-jepum-mongcidarae,어패류 및 그 제품,몽치다래,생,어패류 및 그 제품/몽치다래/생,159.0,24.1,5.9,0.5,,"몽치다래, 생것"
eopaeryu-mic-geu-jepum-muneo,어패류 및 그 제품,문어,생,어패류 및 그 제품/문어/생,70.0,16.4,0.7,0.1,,"문어, 생것, 문어, 삶은것, 문어, 대문어, 생것, 문어, 대문어, 말린것, 문어, 참문어, 생것"
eopaeryu-mic-geu-jepum-munjeolmangdug,어패류 및 그 제품,문절망둑,생,어패류 및 그 제품/문절망둑/생,90.0,18.7,1.1,0.3,,"문절망둑, 생것, 문절망둑, 장조림"
eopaeryu-mic-geu-jepum-mulcidarae,어패류 및 그 제품,물치다래,생,어패류 및 그 제품/물치다래/생,168.0,23.4,7.3,0.1,,"물치다래, 생것"
eopaeryu-mic-geu-jepum-migguri,어패류 및 그 제품,미꾸리,생,어패류 및 그 제품/미꾸리/생,96.0,16.2,2.8,0.2,,"미꾸리, 생것, 미꾸리, 삶은것"
eopaeryu-mic-geu-jepum-mideodeog,어패류 및 그 제품,미더덕,생,어패류 및 그 제품/미더덕/생,52.0,9.0,0.7,2.3,,"미더덕, 생것, 미더덕, 주름미더덕, 생것"
eopaeryu-mic-geu-jepum-mindalgogi,어패류 및 그 제품,민달고기,생,어패류 및 그 제품/민달고기/생,95.0,20.3,1.0,0.1,,"민달고기, 생것"
eopaeryu-mic-geu-jepum-mineo,어패류 및 그 제품,민어,생,어패류 및 그 제품/민어/생,100.0,23.4,0.8,,,"민어, 생것, 민어, 구운것, 민어, 튀긴것(빵가루), 민어, 암치, 조미하여 말린것, 민어, 알, 염장"
eopaeryu-mic-geu-jepum-mintae,어패류 및 그 제품,민태,생,어패류 및 그 제품/민태/생,88.0,15.2,2.5,0.0,,"민태, 생것"
eopaeryu-mic-geu-jepum-bajirag,어패류 및 그 제품,바지락,생,어패류 및 그 제품/바지락/생,68.0,13.0,1.1,0.7,,"바지락, 생것, 바지락, 양식, 생것, 바지락, 말린것, 바지락, 장조림, 바지락, 젓갈"
eopaeryu-mic-geu-jepum-bajirag-tongjorim,어패류 및 그 제품,바지락 (통조림),통조림,어패류 및 그 제품/바지락/통조림,91.0,15.2,2.4,2.1,,"바지락, 통조림, 바지락, 통조림, 조미"
eopaeryu-mic-geu-jepum-bagdae,어패류 및 그 제품,박대,생,어패류 및 그 제품/박대/생,104.0,21.4,1.4,0.1,,"박대, 생것, 박대, 말린것, 박대, 반건조"
eopaeryu-mic-geu-jepum-bangeo,어패류 및 그 제품,방어,생,어패류 및 그 제품/방어/생,165.0,21.0,8.0,0.3,,"방어, 생것, 방어, 구운것, 방어, 양식, 어린것, 생것, 방어, 자연산, 어린것, 생것"
eopaeryu-mic-geu-jepum-bangeo-tongjorim,어패류 및 그 제품,방어 (통조림),통조림,어패류 및 그 제품/방어/통조림,312.0,27.2,22.4,0.5,,"방어, 통조림, 훈제"
eopaeryu-mic-geu-jepum-baegyeon,어패류 및 그 제품,백연,생,어패류 및 그 제품/백연/생,89.0,19.0,0.8,0.3,,"백연, 생것"
eopaeryu-mic-geu-jepum-baeghab,어패류 및 그 제품,백합,생,어패류 및 그 제품/백합/생,72.0,12.5,1.0,3.2,,"백합, 생것, 백합, 삶은것, 백합, 구운것, 백합, 말백합, 생것"
eopaeryu-mic-geu-jepum-baeghab-tongjorim,어패류 및 그 제품,백합 (통조림),통조림,어패류 및 그 제품/백합/통조림,123.0,19.6,0.1,10.9,,"백합, 통조림, 조미"
eopaeryu-mic-geu-jepum-baendaengi,어패류 및 그 제품,밴댕이,생,어패류 및 그 제품/밴댕이/생,117.0,16.3,4.9,0.6,,"밴댕이, 생것, 밴댕이, 삶아서 말린것, 밴댕이, 젓갈"
eopaeryu-mic-geu-jepum-baengeo,어패류 및 그 제품,뱅어,생,어패류 및 그 제품/뱅어/생,311.0,56.1,7.9,0.0,,"뱅어, 생것, 뱅어, 말린것, 뱅어, 포, 말린것"
eopaeryu-mic-geu-jepum-bedoraci,어패류 및 그 제품,베도라치,생,어패류 및 그 제품/베도라치/생,105.0,20.7,1.9,,,"베도라치, 생것, 베도라치, 그물베도라치, 생것, 베도라치, 장어베도라치, 생것"
eopaeryu-mic-geu-jepum-beroci,어패류 및 그 제품,베로치,생,어패류 및 그 제품/베로치/생,86.0,19.5,0.4,0.0,,"베로치, 생것"
eopaeryu-mic-geu-jepum-beseu,어패류 및 그 제품,베스,생,어패류 및 그 제품/베스/생,81.0,18.2,0.4,0.1,,"베스, 생것"
eopaeryu-mic-geu-jepum-benjari,어패류 및 그 제품,벤자리,생,어패류 및 그 제품/벤자리/생,123.0,17.0,5.3,0.3,,"벤자리, 생것, 벤자리, 노랑벤자리, 생것"
eopaeryu-mic-geu-jepum-byeongeo,어패류 및 그 제품,병어,생,어패류 및 그 제품/병어/생,130.0,16.4,6.3,0.3,,"병어, 생것"
eopaeryu-mic-geu-jepum-boguci,어패류 및 그 제품,보구치,생,어패류 및 그 제품/보구치/생,119.0,19.3,3.9,0.3,,"보구치, 생것"
eopaeryu-mic-geu-jepum-borimyeol,어패류 및 그 제품,보리멸,생,어패류 및 그 제품/보리멸/생,95.5,19.55,1.3,0.15,,"보리멸, 생것, 보리멸, 냉동"
eopaeryu-mic-geu-jepum-bogeo,어패류 및 그 제품,복어,생,어패류 및 그 제품/복어/생,85.0,19.3,0.2,0.4,,"복어, 검복, 생것, 복어, 검복, 조미하여 말린것, 복어, 국매리복, 생것, 복어, 까치복, 생것, 복어, 까칠복, 생것, 복어, 매리복, 생것, 복어, 밀복, 생것, 복어, 자주복, 생것, 복어, 졸복, 생것, 복어, 흰점복, 생것"
eopaeryu-mic-geu-jepum-bolgiureog,어패류 및 그 제품,볼기우럭,생,어패류 및 그 제품/볼기우럭/생,129.0,18.7,5.3,0.0,,"볼기우럭, 생것"
eopaeryu-mic-geu-jepum-bolrag,어패류 및 그 제품,볼락,생,어패류 및 그 제품/볼락/생,92.5,18.855,1.63,0.3,0.0,"볼락, 생것, 볼락, 구운것, 볼락, 개볼락, 생것, 볼락, 누루시볼락, 생것, 볼락, 불볼락, 생것, 볼락, 우럭볼락, 생것, 볼락, 조피볼락(우럭), 생것, 볼락, 탁자볼락, 생것, 볼락, 황점볼락, 생것"
eopaeryu-mic-geu-jepum-buse,어패류 및 그 제품,부세,생,어패류 및 그 제품/부세/생,105.0,17.2,3.4,0.0,,"부세, 생것"
eopaeryu-mic-geu-jepum-busiri,어패류 및 그 제품,부시리,생,어패류 및 그 제품/부시리/생,109.0,22.3,1.5,0.1,,"부시리, 생것"
eopaeryu-mic-geu-jepum-buci,어패류 및 그 제품,부치,생,어패류 및 그 제품/부치/생,71.0,15.8,0.5,0.0,,"부치, 빨강부치, 생것"
eopaeryu-mic-geu-jepum-bulgbari,어패류 및 그 제품,붉바리,생,어패류 및 그 제품/붉바리/생,99.0,21.0,1.1,0.1,,"붉바리, 생것"
eopaeryu-mic-geu-jepum-bungeo,어패류 및 그 제품,붕어,생,어패류 및 그 제품/붕어/생,177.0,18.0,4.4,14.4,,"붕어, 생것, 붕어, 삶은것, 붕어, 구운것, 붕어, 참붕어, 생것"
eopaeryu-mic-geu-jepum-beulrugil,어패류 및 그 제품,블루길,생,어패류 및 그 제품/블루길/생,83.0,17.8,0.8,0.2,,"블루길, 생것"
eopaeryu-mic-geu-jepum-bingeo,어패류 및 그 제품,빙어,생,어패류 및 그 제품/빙어/생,124.0,22.6,3.1,0.0,,"빙어, 생것, 빙어, 삶아서 말린것, 빙어, 장조림, 빙어, 바다빙어, 생것, 빙어, 바다빙어, 구운것(오븐)"
eopaeryu-mic-geu-jepum-sanceoneo,어패류 및 그 제품,산천어,생,어패류 및 그 제품/산천어/생,117.0,20.3,3.3,0.1,,"산천어, 생것"
eopaeryu-mic-geu-jepum-salsalci,어패류 및 그 제품,살살치,생,어패류 및 그 제품/살살치/생,70.0,15.5,0.2,0.6,,"살살치, 생것"
eopaeryu-mic-geu-jepum-samsegi,어패류 및 그 제품,삼세기,생,어패류 및 그 제품/삼세기/생,97.0,18.6,1.8,0.5,,"삼세기, 생것"
eopaeryu-mic-geu-jepum-samci,어패류 및 그 제품,삼치,생,어패류 및 그 제품/삼치/생,101.0,22.7,1.1,0.0,,"삼치, 생것, 삼치, 구운것, 삼치, 줄삼치, 생것, 삼치, 평삼치, 생것, 삼치, 젓갈"
eopaeryu-mic-geu-jepum-sangeo,어패류 및 그 제품,상어,생,어패류 및 그 제품/상어/생,104.5,22.3,1.1,,,"상어, 가래상어, 생것, 상어, 곱상어, 생것, 상어, 까치상어, 생것, 상어, 돔발상어, 생것, 상어, 두툽상어, 생것, 상어, 망상어, 생것, 상어, 모조리상어, 생것, 상어, 별상어, 생것, 상어, 악상어, 생것, 상어, 은상어, 생것, 상어, 청새리상어, 생것, 상어, 흉상어, 생것, 상어, 지느러미, 생것, 상어, 알, 생것"
eopaeryu-mic-geu-jepum-saedarae,어패류 및 그 제품,새다래,생,어패류 및 그 제품/새다래/생,104.0,18.9,2.6,,,"새다래, 생것"
eopaeryu-mic-geu-jepum-saeu,어패류 및 그 제품,새우,생,어패류 및 그 제품/새우/생,88.0,17.0,1.2,1.3,,"새우, 가시발새우, 생것, 새우, 각시흰새우, 생것, 새우, 긴뿔천길새우, 생것, 새우, 꽃새우, 생것, 새우, 꽃새우, 삶아서 말린것, 새우, 꽃새우, 찐것, 새우, 꽃새우, 튀긴것(빵가루), 새우, 꽃새우, 냉동, 새우, 꽃새우, 장조림, 새우, 닭새우, 생것, 새우, 대하, 생것, 새우, 대하, 말린것, 새우, 물렁가시붉은새우, 생것, 새우, 보리새우, 생것, 새우, 보리새우, 삶은것, 새우, 부채새우, 생것, 새우, 중하, 생것, 새우, 중하, 삶아서 말린것, 새우, 중하, 조미하여 말린것, 새우, 중하, 젓갈, 새우, 젓새우, 생것, 새우, 젓새우, 조린것, 새우, 젓새우, 젓갈, 새우, 징거미새우, 생것, 새우, 철모새우(도화새우), 생것, 새우, 펄닭새우, 생것, 새우, 흰다리새우, 생것, 새우, 흰다리새우, 냉동, 새우, 흰다리새우, 냉동, 삶은것, 새우, 껍질, 생것, 새우 튀김용, 냉동, 새우 튀김용, 튀긴것(빵가루), 새우, 젓갈, 새우, 젓갈, 추젓, 새우, 젓갈, 토굴대때기젓, 새우, 젓갈, 토굴동백하젓, 새우, 젓갈, 토굴오젓, 새우, 젓갈, 토굴육젓, 새우, 젓갈, 토굴추젓"
eopaeryu-mic-geu-jepum-saeu-boggeum,어패류 및 그 제품,새우 (볶음),볶음,어패류 및 그 제품/새우/볶음,342.0,23.4,13.4,28.5,,"새우 볶음, 말린것, 볶은것"
eopaeryu-mic-geu-jepum-saeu-tongjorim,어패류 및 그 제품,새우 (통조림),통조림,어패류 및 그 제품/새우/통조림,95.0,21.5,0.7,0.6,,"새우, 중하, 통조림"
eopaeryu-mic-geu-jepum-saesmyeol,어패류 및 그 제품,샛멸,생,어패류 및 그 제품/샛멸/생,82.0,19.5,0.6,,,"샛멸, 생것"
eopaeryu-mic-geu-jepum-seodae,어패류 및 그 제품,서대,생,어패류 및 그 제품/서대/생,93.0,18.65,1.5,0.15,,"서대, 각시서대, 생것, 서대, 궁제기서대, 생것, 서대, 참서대, 생것"
eopaeryu-mic-geu-jepum-seongge,어패류 및 그 제품,성게,생,어패류 및 그 제품/성게/생,173.0,16.1,8.7,7.6,,"성게, 생것, 성게, 젓갈, 성게, 알, 젓갈, 성게, 보라성게, 생것, 성게, 보라성게, 알, 생것, 성게, 보라성게, 알, 젓갈"
eopaeryu-mic-geu-jepum-seongge-tongjorim,어패류 및 그 제품,성게 (통조림),통조림,어패류 및 그 제품/성게/통조림,138.0,14.0,5.1,8.9,,"성게, 통조림"
eopaeryu-mic-geu-jepum-seongdae,어패류 및 그 제품,성대,생,어패류 및 그 제품/성대/생,92.5,19.6,1.0,0.1,,"성대, 생것, 성대, 별성대, 생것, 성대, 별쭉지성대, 생것"
eopaeryu-mic-geu-jepum-sora,어패류 및 그 제품,소라,생,어패류 및 그 제품/소라/생,107.0,20.7,0.3,4.0,,"소라, 생것"
eopaeryu-mic-geu-jepum-sora-tongjorim,어패류 및 그 제품,소라 (통조림),통조림,어패류 및 그 제품/소라/통조림,123.0,19.6,0.1,10.9,,"소라, 통조림"
eopaeryu-mic-geu-jepum-songeo,어패류 및 그 제품,송어,생,어패류 및 그 제품/송어/생,150.0,22.92,5.82,0.0,,"송어, 생것, 송어, 염장, 송어, 젓갈, 송어, 무지개송어, 생것, 송어, 무지개송어, 구운것, 송어, 무지개송어, 냉동"
eopaeryu-mic-geu-jepum-songeo-tongjorim,어패류 및 그 제품,송어 (통조림),통조림,어패류 및 그 제품/송어/통조림,152.0,18.2,8.8,0.0,,"송어, 통조림"
eopaeryu-mic-geu-jepum-surang,어패류 및 그 제품,수랑,생,어패류 및 그 제품/수랑/생,86.0,15.9,0.7,2.9,,"수랑, 생것"
eopaeryu-mic-geu-jepum-sungeo,어패류 및 그 제품,숭어,생,어패류 및 그 제품/숭어/생,150.0,24.81,4.86,0.0,,"숭어, 생것, 숭어, 구운것, 숭어, 알, 소금에 절여 말린것"
eopaeryu-mic-geu-jepum-ssangdonggari,어패류 및 그 제품,쌍동가리,생,어패류 및 그 제품/쌍동가리/생,101.0,20.8,1.4,0.0,,"쌍동가리, 생것"
eopaeryu-mic-geu-jepum-ssangbbuldaljae,어패류 및 그 제품,쌍뿔달재,생,어패류 및 그 제품/쌍뿔달재/생,75.0,16.9,0.4,0.1,,"쌍뿔달재, 생것"
eopaeryu-mic-geu-jepum-ssogari,어패류 및 그 제품,쏘가리,생,어패류 및 그 제품/쏘가리/생,111.0,17.2,4.1,0.0,,"쏘가리, 생것, 쏘가리, 냉동"
eopaeryu-mic-geu-jepum-ssombaengi,어패류 및 그 제품,쏨뱅이,생,어패류 및 그 제품/쏨뱅이/생,90.0,19.9,0.6,0.1,,"쏨뱅이, 생것"
eopaeryu-mic-geu-jepum-ssugimi,어패류 및 그 제품,쑤기미,생,어패류 및 그 제품/쑤기미/생,84.0,18.5,0.4,0.5,,"쑤기미, 생것"
eopaeryu-mic-geu-jepum-ssuggampeng,어패류 및 그 제품,쑥감펭,생,어패류 및 그 제품/쑥감펭/생,83.0,19.0,0.3,0.0,,"쑥감펭, 생것"
eopaeryu-mic-geu-jepum-agwi,어패류 및 그 제품,아귀,생,어패류 및 그 제품/아귀/생,63.0,14.1,0.2,0.5,,"아귀, 생것, 아귀, 간, 생것, 아귀, 황아귀, 생것"
eopaeryu-mic-geu-jepum-ahobdonggari,어패류 및 그 제품,아홉동가리,생,어패류 및 그 제품/아홉동가리/생,106.0,19.8,2.3,0.1,,"아홉동가리, 생것"
eopaeryu-mic-geu-jepum-aeggoci,어패류 및 그 제품,애꼬치,생,어패류 및 그 제품/애꼬치/생,134.0,23.3,4.9,0.1,,"애꼬치, 생것, 애꼬치, 구운것"
eopaeryu-mic-geu-jepum-yangmiri,어패류 및 그 제품,양미리,생,어패류 및 그 제품/양미리/생,123.0,21.5,3.4,0.0,,"양미리, 생것, 양미리, 말린것"
eopaeryu-mic-geu-jepum-yangtae,어패류 및 그 제품,양태,생,어패류 및 그 제품/양태/생,81.0,18.5,0.1,0.6,,"양태, 생것, 양태, 꽁지양태, 생것, 양태, 눈양태, 생것, 양태, 도화양태, 생것, 양태, 돛양태, 생것"
eopaeryu-mic-geu-jepum-eomug,어패류 및 그 제품,어묵,생,어패류 및 그 제품/어묵/생,112.0,10.8,0.8,15.2,,"어묵, 어묵 국물, 어묵, 게맛살 첨가, 어묵, 구운것, 어묵, 찐어묵"
eopaeryu-mic-geu-jepum-eomuggug,어패류 및 그 제품,어묵국,생,어패류 및 그 제품/어묵국/생,42.0,3.1,0.8,5.7,,어묵국
eopaeryu-mic-geu-jepum-eoyugsosiji,어패류 및 그 제품,어육소시지,생,어패류 및 그 제품/어육소시지/생,174.0,9.01,7.45,17.75,,어육소시지
eopaeryu-mic-geu-jepum-eolrugtonggumeong,어패류 및 그 제품,얼룩통구멍,생,어패류 및 그 제품/얼룩통구멍/생,82.0,18.2,0.5,0.0,,"얼룩통구멍, 생것"
eopaeryu-mic-geu-jepum-yeodeolbdonggari,어패류 및 그 제품,여덟동가리,생,어패류 및 그 제품/여덟동가리/생,110.0,19.2,3.1,0.0,,"여덟동가리, 생것"
eopaeryu-mic-geu-jepum-yeoneo,어패류 및 그 제품,연어,생,어패류 및 그 제품/연어/생,138.0,22.8,6.1,0.1,,"연어, 생것, 연어, 생것, 소금첨가, 연어, 구운것, 소금첨가, 연어, 훈제, 연어, 알, 생것, 연어, 알, 염장, 연어, 은연어, 생것, 연어, 홍연어, 생것, 연어, 홍연어, 구운것, 연어, 홍연어, 훈제"
eopaeryu-mic-geu-jepum-yeoneo-tongjorim,어패류 및 그 제품,연어 (통조림),통조림,어패류 및 그 제품/연어/통조림,168.0,16.29,11.27,0.31,0.0,"연어, 통조림, 연어, 통조림, 고형물"
eopaeryu-mic-geu-jepum-yeolssangdonggari,어패류 및 그 제품,열쌍동가리,생,어패류 및 그 제품/열쌍동가리/생,86.0,18.3,0.9,0.1,,"열쌍동가리, 생것"
eopaeryu-mic-geu-jepum-obunjagi,어패류 및 그 제품,오분자기,생,어패류 및 그 제품/오분자기/생,95.0,13.3,2.1,4.6,,"오분자기, 생것"
eopaeryu-mic-geu-jepum-ojingeo,어패류 및 그 제품,오징어,생,어패류 및 그 제품/오징어/생,94.0,18.84,1.44,0.16,0.0,"오징어, 생것, 오징어, 구운것, 오징어, 튀긴것, 오징어, 말린것, 오징어, 냉동, 오징어, 조미, 구운것, 오징어, 조미훈제, 오징어, 채, 조미하여 말린것, 오징어, 포, 조미하여 말린것, 오징어, 갑오징어, 생것, 오징어, 갑오징어, 말린것, 오징어, 살오징어, 생것, 오징어, 쇠갑오징어, 생것, 오징어, 참갑오징어, 생것, 오징어, 양념젓갈, 오징어, 내장, 젓갈"
eopaeryu-mic-geu-jepum-ojingeo-twigim,어패류 및 그 제품,오징어 (튀김),튀김,어패류 및 그 제품/오징어/튀김,308.0,11.9,18.1,24.3,,오징어 튀김
eopaeryu-mic-geu-jepum-ojingeocae-boggeum,어패류 및 그 제품,오징어채 (볶음),볶음,어패류 및 그 제품/오징어채/볶음,278.0,18.6,4.2,41.4,,오징어채 볶음
eopaeryu-mic-geu-jepum-ugagbari,어패류 및 그 제품,우각바리,생,어패류 및 그 제품/우각바리/생,91.0,19.0,1.2,0.0,,"우각바리, 생것"
eopaeryu-mic-geu-jepum-ureongi,어패류 및 그 제품,우렁이,생,어패류 및 그 제품/우렁이/생,73.0,10.5,1.4,3.8,,"우렁이, 논우렁이, 생것, 우렁이, 왕우렁, 생것, 우렁이, 큰구슬우렁이(골뱅이), 생것, 우렁이, 큰논우렁이, 생것"
eopaeryu-mic-geu-jepum-ureongi-tongjorim,어패류 및 그 제품,우렁이 (통조림),통조림,어패류 및 그 제품/우렁이/통조림,109.0,19.33,0.83,5.97,4.24,"우렁이, 큰구슬우렁이(골뱅이), 통조림, 고형물"
eopaeryu-mic-geu-jepum-ungeo,어패류 및 그 제품,웅어,생,어패류 및 그 제품/웅어/생,169.0,15.9,10.8,0.0,,"웅어, 생것"
eopaeryu-mic-geu-jepum-euneo,어패류 및 그 제품,은어,생,어패류 및 그 제품/은어/생,138.0,17.8,7.9,0.6,,"은어, 생것, 은어, 구운것, 은어, 내장, 생것, 은어, 내장, 구운것, 은어, 양식, 생것, 은어, 양식, 구운것, 은어, 양식, 내장, 생것, 은어, 양식, 내장, 구운것, 은어, 내장, 젓갈"
eopaeryu-mic-geu-jepum-insangeo,어패류 및 그 제품,인상어,생,어패류 및 그 제품/인상어/생,133.0,21.8,4.2,0.4,,"인상어, 생것"
eopaeryu-mic-geu-jepum-imyeonsueo,어패류 및 그 제품,임연수어,생,어패류 및 그 제품/임연수어/생,161.0,20.6,9.4,0.1,,"임연수어, 생것, 임연수어, 반건조, 임연수어, 염장"
eopaeryu-mic-geu-jepum-ingeo,어패류 및 그 제품,잉어,생,어패류 및 그 제품/잉어/생,190.0,19.2,13.4,0.2,,"잉어, 생것, 잉어, 삶은것, 잉어, 내장, 생것"
eopaeryu-mic-geu-jepum-janggaengi,어패류 및 그 제품,장갱이,생,어패류 및 그 제품/장갱이/생,90.0,19.1,1.0,0.0,,"장갱이, 생것"
eopaeryu-mic-geu-jepum-jangmunbolrag,어패류 및 그 제품,장문볼락,생,어패류 및 그 제품/장문볼락/생,87.0,15.7,2.1,0.2,,"장문볼락, 생것, 장문볼락, 구운것"
eopaeryu-mic-geu-jepum-jangeo,어패류 및 그 제품,장어,생,어패류 및 그 제품/장어/생,170.0,17.9,9.9,0.4,,"장어, 갯장어, 생것, 장어, 먹장어, 생것, 장어, 뱀장어, 생것, 장어, 뱀장어, 구운것, 장어, 뱀장어, 조미, 구운것, 장어, 뱀장어, 간, 생것, 장어, 붕장어, 생것, 장어, 붕장어, 냉동, 장어, 붕장어, 뼈, 튀긴것, 장어, 칠성장어, 생것, 장어, 칠성장어, 말린것, 장어, 양념, 구운것"
eopaeryu-mic-geu-jepum-jaeceob,어패류 및 그 제품,재첩,생,어패류 및 그 제품/재첩/생,94.0,12.5,1.9,5.8,,"재첩, 생것"
eopaeryu-mic-geu-jepum-jeongaengi,어패류 및 그 제품,전갱이,생,어패류 및 그 제품/전갱이/생,134.5,21.55,5.35,0.1,,"전갱이, 생것, 전갱이, 삶은것, 전갱이, 구운것, 전갱이, 냉동, 전갱이, 소금에 절여 말린것, 전갱이, 조미반건조, 전갱이, 조미반건조, 구운것, 전갱이, 어린것, 생것, 전갱이, 갈전갱이, 생것, 전갱이, 줄전갱이, 생것"
eopaeryu-mic-geu-jepum-jeongaengi-tongjorim,어패류 및 그 제품,전갱이 (통조림),통조림,어패류 및 그 제품/전갱이/통조림,131.0,14.7,0.1,17.9,,"전갱이, 통조림, 조미"
eopaeryu-mic-geu-jepum-jeongaengi-twigim,어패류 및 그 제품,전갱이 (튀김),튀김,어패류 및 그 제품/전갱이/튀김,144.0,16.1,2.3,14.8,,"전갱이 튀김, 냉동"
eopaeryu-mic-geu-jepum-jeonbog,어패류 및 그 제품,전복,생,어패류 및 그 제품/전복/생,91.0,15.0,0.7,5.1,,"전복, 둥근전복, 생것, 전복, 말전복, 생것, 전복, 북방전복, 생것, 전복, 내장, 생것, 전복, 말린것, 전복, 튀긴것, 전복, 젓갈"
eopaeryu-mic-geu-jepum-jeonbog-tongjorim,어패류 및 그 제품,전복 (통조림),통조림,어패류 및 그 제품/전복/통조림,131.0,14.7,0.1,17.9,,"전복, 통조림, 삶은것, 전복, 통조림, 조미"
eopaeryu-mic-geu-jepum-jeoneo,어패류 및 그 제품,전어,생,어패류 및 그 제품/전어/생,107.0,19.2,2.7,0.2,,"전어, 생것, 전어, 젓갈"
eopaeryu-mic-geu-jepum-jeomgampeng,어패류 및 그 제품,점감펭,생,어패류 및 그 제품/점감펭/생,90.0,19.4,0.7,0.3,,"점감펭, 생것"
eopaeryu-mic-geu-jepum-jeomjulureog,어패류 및 그 제품,점줄우럭,생,어패류 및 그 제품/점줄우럭/생,100.0,19.3,1.9,0.1,,"점줄우럭, 생것, 점줄우럭, 구운것(오븐)"
eopaeryu-mic-geu-jepum-jeongeori,어패류 및 그 제품,정어리,생,어패류 및 그 제품/정어리/생,199.0,25.3,9.4,0.2,,"정어리, 생것, 정어리, 삶은것, 정어리, 구운것, 정어리, 말린것, 정어리, 삶아서 말린것, 정어리, 소금에 절여 말린것, 정어리, 염장"
eopaeryu-mic-geu-jepum-jeongeori-tongjorim,어패류 및 그 제품,정어리 (통조림),통조림,어패류 및 그 제품/정어리/통조림,122.0,19.3,4.8,0.3,,"정어리, 통조림, 정어리, 통조림, 유지, 정어리, 통조림, 조미"
eopaeryu-mic-geu-jepum-jogae,어패류 및 그 제품,조개,생,어패류 및 그 제품/조개/생,68.0,11.9,0.6,3.0,,"조개, 가무락조개, 생것, 조개, 개량조개(명주조개), 생것, 조개, 개량조개(명주조개), 말린것, 조개, 개조개, 생것, 조개, 떡조개, 생것, 조개, 맛조개, 생것, 조개, 맛조개, 말린것, 조개, 살조개, 생것, 조개, 새조개, 생것, 조개, 새조개, 말린것, 조개, 새조개, 조미하여 말린것, 조개, 왕우럭조개, 생것, 조개, 우럭, 생것, 조개, 접시조개(비단조개), 생것, 조개, 진주조개, 생것, 조개, 키조개, 생것, 조개, 키조개, 패주, 생것, 조개, 키조개, 근육, 생것, 조개, 펄조개, 생것, 조개, 피조개, 생것, 조개, 피조개, 양식, 생것, 조개, 젓갈"
eopaeryu-mic-geu-jepum-jogae-tongjorim,어패류 및 그 제품,조개 (통조림),통조림,어패류 및 그 제품/조개/통조림,115.0,18.0,1.3,7.8,,"조개, 피조개, 통조림, 조미"
eopaeryu-mic-geu-jepum-jogi-camjogi,어패류 및 그 제품,조기(참조기),생,어패류 및 그 제품/조기(참조기)/생,118.0,19.02,4.04,0.0,0.0,"조기(참조기), 생것, 조기(참조기), 굴비, 소금에 절여 말린것, 조기(참조기), 젓갈"
eopaeryu-mic-geu-jepum-juggumi,어패류 및 그 제품,주꾸미,생,어패류 및 그 제품/주꾸미/생,52.0,10.8,0.5,0.5,,"주꾸미, 생것"
eopaeryu-mic-geu-jepum-junci,어패류 및 그 제품,준치,생,어패류 및 그 제품/준치/생,90.0,18.7,1.1,0.2,,"준치, 생것, 준치, 강준치, 생것"
eopaeryu-mic-geu-jepum-jwici,어패류 및 그 제품,쥐치,생,어패류 및 그 제품/쥐치/생,312.0,38.7,2.2,34.3,,"쥐치, 생것, 쥐치, 포, 말린것, 쥐치, 포, 냉동, 쥐치, 포, 조미하여 말린것, 쥐치, 말쥐치, 생것, 쥐치, 말쥐치, 조미하여 말린것"
eopaeryu-mic-geu-jepum-camdarangeo,어패류 및 그 제품,참다랑어,생,어패류 및 그 제품/참다랑어/생,187.0,16.04,9.26,9.41,,참다랑어 샐러드
eopaeryu-mic-geu-jepum-cammaja,어패류 및 그 제품,참마자,생,어패류 및 그 제품/참마자/생,90.0,17.7,1.5,0.3,,"참마자, 생것"
eopaeryu-mic-geu-jepum-ceongsaeci,어패류 및 그 제품,청새치,생,어패류 및 그 제품/청새치/생,107.0,23.1,1.8,0.1,,"청새치, 생것"
eopaeryu-mic-geu-jepum-ceongeo,어패류 및 그 제품,청어,생,어패류 및 그 제품/청어/생,159.0,17.5,9.0,0.2,,"청어, 생것, 청어, 말린것, 청어, 삶아서 말린것, 청어, 염장, 청어, 훈제, 청어, 알, 생것, 청어, 알, 말린것, 청어, 알, 염장"
eopaeryu-mic-geu-jepum-coeo,어패류 및 그 제품,초어,생,어패류 및 그 제품/초어/생,89.0,17.1,1.7,0.2,,"초어, 생것"
eopaeryu-mic-geu-jepum-keuril,어패류 및 그 제품,크릴,생,어패류 및 그 제품/크릴/생,78.0,13.8,3.0,,,"크릴, 생것, 크릴, 삶은것, 크릴 페이스트"
eopaeryu-mic-geu-jepum-keunuseulureongi-golbaengi,어패류 및 그 제품,큰우슬우렁이(골뱅이),생,어패류 및 그 제품/큰우슬우렁이(골뱅이)/생,109.0,7.1,2.0,15.7,,큰우슬우렁이(골뱅이) 무침
eopaeryu-mic-geu-jepum-tongci,어패류 및 그 제품,통치,생,어패류 및 그 제품/통치/생,138.0,20.0,5.7,0.1,,"통치, 생것"
eopaeryu-mic-geu-jepum-turaci,어패류 및 그 제품,투라치,생,어패류 및 그 제품/투라치/생,79.0,18.1,0.1,0.5,,"투라치, 생것"
eopaeryu-mic-geu-jepum-tilrapia,어패류 및 그 제품,틸라피아,생,어패류 및 그 제품/틸라피아/생,126.0,19.3,4.7,0.2,,"틸라피아, 생것"
eopaeryu-mic-geu-jepum-pureongtonggumeong,어패류 및 그 제품,푸렁통구멍,생,어패류 및 그 제품/푸렁통구멍/생,76.0,17.4,0.2,0.2,,"푸렁통구멍, 생것"
eopaeryu-mic-geu-jepum-pulbanji,어패류 및 그 제품,풀반지,생,어패류 및 그 제품/풀반지/생,167.0,16.9,10.1,0.2,,"풀반지, 생것"
eopaeryu-mic-geu-jepum-pirami,어패류 및 그 제품,피라미,생,어패류 및 그 제품/피라미/생,105.0,18.5,2.8,0.2,,"피라미, 생것"
eopaeryu-mic-geu-jepum-haggongci,어패류 및 그 제품,학공치,생,어패류 및 그 제품/학공치/생,325.0,59.1,2.0,17.7,,"학공치, 생것, 학공치, 조미하여 말린것"
eopaeryu-mic-geu-jepum-hanci,어패류 및 그 제품,한치,생,어패류 및 그 제품/한치/생,81.0,14.9,1.8,0.3,,"한치, 생것"
eopaeryu-mic-geu-jepum-haesam,어패류 및 그 제품,해삼,생,어패류 및 그 제품/해삼/생,34.0,4.9,0.5,2.4,,"해삼, 생것, 해삼, 말린것, 해삼, 염장, 해삼, 젓갈, 해삼, 내장, 젓갈"
eopaeryu-mic-geu-jepum-haepari,어패류 및 그 제품,해파리,생,어패류 및 그 제품/해파리/생,6.0,1.3,0.0,0.1,,"해파리, 생것"
eopaeryu-mic-geu-jepum-hyangeo,어패류 및 그 제품,향어,생,어패류 및 그 제품/향어/생,158.0,18.4,8.7,0.1,,"향어, 생것"
eopaeryu-mic-geu-jepum-honggampeng,어패류 및 그 제품,홍감펭,생,어패류 및 그 제품/홍감펭/생,108.0,16.7,3.9,0.2,,"홍감펭, 생것"
eopaeryu-mic-geu-jepum-hongeo,어패류 및 그 제품,홍어,생,어패류 및 그 제품/홍어/생,87.0,19.6,0.5,0.0,,"홍어, 생것"
eopaeryu-mic-geu-jepum-hongci,어패류 및 그 제품,홍치,생,어패류 및 그 제품/홍치/생,93.0,18.9,1.4,0.1,,"홍치, 생것"
eopaeryu-mic-geu-jepum-hwangmaetungi,어패류 및 그 제품,황매퉁이,생,어패류 및 그 제품/황매퉁이/생,97.0,20.0,1.3,0.1,,"황매퉁이, 생것"
eopaeryu-mic-geu-jepum-hwangsaeci,어패류 및 그 제품,황새치,생,어패류 및 그 제품/황새치/생,117.0,15.7,4.8,2.7,,"황새치, 생것, 황새치, 구운것, 황새치, 젓갈"
eopaeryu-mic-geu-jepum-hwangeo,어패류 및 그 제품,황어,생,어패류 및 그 제품/황어/생,95.0,18.3,1.8,0.2,,"황어, 생것"
eopaeryu-mic-geu-jepum-hoesdae,어패류 및 그 제품,횟대,생,어패류 및 그 제품/횟대/생,74.0,17.1,0.1,0.3,,"횟대, 빨간횟대, 생것"
eopaeryu-mic-geu-jepum-himeci,어패류 및 그 제품,히메치,생,어패류 및 그 제품/히메치/생,99.0,20.9,1.1,0.0,,"히메치, 생것"
uyu-mic-geu-jepum-moyu,우유 및 그 제품,모유,생,우유 및 그 제품/모유/생,61.0,1.1,3.5,7.2,,모유
uyu-mic-geu-jepum-bunyu,우유 및 그 제품,분유,생,우유 및 그 제품/분유/생,498.0,13.98,23.93,56.6,47.28,"분유, 분유, 1단계, 분유, 2단계, 분유, 3단계, 분유, 전지, 분유, 탈지"
uyu-mic-geu-jepum-sanyangyu,우유 및 그 제품,산양유,생,우유 및 그 제품/산양유/생,62.0,3.16,3.62,4.03,3.48,산양유
uyu-mic-geu-jepum-syeobeos,우유 및 그 제품,셔벗,생,우유 및 그 제품/셔벗/생,143.0,0.83,2.05,30.31,21.83,셔벗
uyu-mic-geu-jepum-aiseumilkeu,우유 및 그 제품,아이스밀크,생,우유 및 그 제품/아이스밀크/생,167.0,3.4,6.4,23.9,,아이스밀크
uyu-mic-geu-jepum-aiseukeurim,우유 및 그 제품,아이스크림,생,우유 및 그 제품/아이스크림/생,178.0,3.9,8.0,23.2,15.1,"아이스크림, 딸기맛, 유지방12%, 아이스크림, 딸기맛, 유지방14.5%, 아이스크림, 바닐라맛, 아이스크림, 초콜릿맛, 유지방12%, 아이스크림, 초콜릿맛, 유지방14.7%, 아이스크림, 유지방 8%, 아이스크림, 빙과, 딸기맛, 아이스크림, 빙과, 초콜릿맛, 아이스크림, 소프트 아이스크림, 바닐라맛"
uyu-mic-geu-jepum-yeonyu,우유 및 그 제품,연유,생,우유 및 그 제품/연유/생,126.0,5.56,5.73,13.1,5.05,"연유, 점성이 낮은것, 연유, 점성이 높은것"
uyu-mic-geu-jepum-yogureuteu,우유 및 그 제품,요구르트,생,우유 및 그 제품/요구르트/생,86.0,2.67,3.09,11.98,5.905,"요구르트, 액상, 요구르트, 액상, 저당, 요구르트, 액상(농후), 딸기맛, 요구르트, 액상(농후), 플레인, 요구르트, 액상(농후), 식이섬유 첨가, 요구르트, 액상(농후), 사과맛, 식이섬유 첨가, 요구르트, 액상(농후), 저지방, 식이섬유 첨가, 요구르트, 액상(농후), 플레인, 식이섬유 첨가, 요구르트, 호상, 딸기맛, 요구르트, 호상, 망고맛, 요구르트, 호상, 플레인"
uyu-mic-geu-jepum-uyu,우유 및 그 제품,우유,생,우유 및 그 제품/우유/생,63.0,2.98,2.77,6.53,3.85,"우유, 우유, 가공우유, 딸기맛, 우유, 가공우유, 바나나맛, 우유, 가공우유, 초코맛, 우유, 가공우유, 커피맛, 우유, 강화우유, 고칼슘, 우유, 유당분해우유, 우유, 저지방우유"
uyu-mic-geu-jepum-cijeu,우유 및 그 제품,치즈,생,우유 및 그 제품/치즈/생,300.0,19.8,24.26,0.46,0.46,"치즈, 고다, 치즈, 카망베르, 치즈, 리코타, 치즈, 모차렐라, 치즈, 모차렐라, 슈레드타입, 치즈, 브리, 치즈, 브릭, 치즈, 블루, 치즈, 체다, 치즈, 카테지, 치즈, 크림, 치즈, 파르메산(파마산)"
uyu-mic-geu-jepum-keopikeurimeo,우유 및 그 제품,커피크리머,생,우유 및 그 제품/커피크리머/생,244.0,4.3,24.8,1.8,,"커피크리머, 액상, 식물성지방, 커피크리머, 액상, 유지방"
uyu-mic-geu-jepum-keopikeurimeo-garu,우유 및 그 제품,커피크리머 (가루),가루,우유 및 그 제품/커피크리머/가루,514.0,1.57,29.11,62.2,4.29,"커피크리머, 가루"
uyu-mic-geu-jepum-keurim,우유 및 그 제품,크림,생,우유 및 그 제품/크림/생,354.0,2.01,35.55,6.43,0.0,"크림, 생크림, 크림, 휘핑, 동물성, 크림, 휘핑, 식물성"
yujiryu-gocugireum,유지류,고추기름,생,유지류/고추기름/생,919.0,0.02,99.8,0.0,0.0,고추기름
yujiryu-dalggireum,유지류,닭기름,생,유지류/닭기름/생,900.0,0.0,99.8,0.0,0.0,닭기름
yujiryu-dwaejigireum,유지류,돼지기름,생,유지류/돼지기름/생,915.0,0.0,99.38,0.58,0.0,돼지기름
yujiryu-deulgireum,유지류,들기름,생,유지류/들기름/생,920.0,0.0,99.92,0.08,0.0,들기름
yujiryu-ddangkong,유지류,땅콩,생,유지류/땅콩/생,589.0,24.06,49.94,21.57,8.41,"땅콩 버터, 땅콩 버터, 청크, 땅콩 버터, 크림"
yujiryu-ddangkonggireum,유지류,땅콩기름,생,유지류/땅콩기름/생,884.0,0.0,100.0,0.0,0.0,땅콩기름
yujiryu-magarin,유지류,마가린,생,유지류/마가린/생,714.0,0.2,72.41,12.06,0.0,마가린
yujiryu-myeonsilyu,유지류,면실유,생,유지류/면실유/생,883.0,0.0,100.0,0.0,,면실유
yujiryu-beoteo,유지류,버터,생,유지류/버터/생,760.0,0.59,82.04,1.46,0.5,"버터, 가염, 버터, 무가염"
yujiryu-bogsungassigireum,유지류,복숭아씨기름,생,유지류/복숭아씨기름/생,911.0,0.5,98.9,0.3,,복숭아씨기름
yujiryu-soegireum,유지류,쇠기름,생,유지류/쇠기름/생,869.0,0.2,99.8,0.0,,쇠기름
yujiryu-syoteuning,유지류,쇼트닝,생,유지류/쇼트닝/생,917.0,0.0,99.52,0.48,0.0,쇼트닝
yujiryu-ssalgyeogireum-migangyu,유지류,쌀겨기름(미강유),생,유지류/쌀겨기름(미강유)/생,921.0,0.0,99.95,0.05,0.0,쌀겨기름(미강유)
yujiryu-amassiyu,유지류,아마씨유,생,유지류/아마씨유/생,884.0,0.11,99.98,0.0,0.0,아마씨유
yujiryu-amondeuyu,유지류,아몬드유,생,유지류/아몬드유/생,884.0,0.0,100.0,0.0,0.0,아몬드유
yujiryu-abokadoyu,유지류,아보카도유,생,유지류/아보카도유/생,917.0,0.0,99.52,0.48,0.0,아보카도유
yujiryu-yeoneogireum,유지류,연어기름,생,유지류/연어기름/생,902.0,0.0,100.0,0.0,,연어기름
yujiryu-ogsusugireum,유지류,옥수수기름,생,유지류/옥수수기름/생,919.0,0.0,99.74,0.17,0.0,옥수수기름
yujiryu-olribeuyu,유지류,올리브유,생,유지류/올리브유/생,921.0,0.0,100.0,0.0,0.0,올리브유
yujiryu-yucaessigireum,유지류,유채씨기름,생,유지류/유채씨기름/생,920.0,0.02,99.85,0.1,0.0,유채씨기름
yujiryu-isggocssigireum,유지류,잇꽃씨기름,생,유지류/잇꽃씨기름/생,892.0,0.0,100.0,0.0,,잇꽃씨기름
yujiryu-camgireum,유지류,참기름,생,유지류/참기름/생,920.0,0.0,99.84,0.13,0.0,참기름
yujiryu-kokoneosyu,유지류,코코넛유,생,유지류/코코넛유/생,918.0,0.0,99.67,0.33,0.0,코코넛유
yujiryu-konggireum,유지류,콩기름,생,유지류/콩기름/생,921.0,0.0,99.96,0.0,0.0,콩기름
yujiryu-pamyu,유지류,팜유,생,유지류/팜유/생,917.0,0.0,99.56,0.44,0.0,팜유
yujiryu-podossiyu,유지류,포도씨유,생,유지류/포도씨유/생,920.0,0.0,99.93,0.01,0.0,포도씨유
yujiryu-haebaragiyu,유지류,해바라기유,생,유지류/해바라기유/생,918.0,0.0,99.68,0.28,0.0,해바라기유
yujiryu-hoduyu,유지류,호두유,생,유지류/호두유/생,917.0,0.0,99.57,0.39,0.0,호두유
yujiryu-honhabsigmulseongyu,유지류,혼합식물성유,생,유지류/혼합식물성유/생,886.0,0.0,100.0,0.0,,혼합식물성유
yugryu-mic-geu-jepum-geowi,육류 및 그 제품,거위,생,육류 및 그 제품/거위/생,133.0,16.37,4.28,6.32,,"거위 부산물, 간, 생것"
yugryu-mic-geu-jepum-geowigogi,육류 및 그 제품,거위고기,생,육류 및 그 제품/거위고기/생,238.0,28.97,12.67,0.0,,"거위고기, 살코기, 생것, 거위고기, 살코기, 구운것"
yugryu-mic-geu-jepum-goraegogi,육류 및 그 제품,고래고기,생,육류 및 그 제품/고래고기/생,111.0,26.5,0.5,0.0,0.0,"고래고기, 생것, 고래고기, 붉은살, 냉동"
yugryu-mic-geu-jepum-ggweonggogi,육류 및 그 제품,꿩고기,생,육류 및 그 제품/꿩고기/생,122.0,27.35,0.7,0.0,,"꿩고기, 수꿩, 생것, 꿩고기, 암꿩, 생것"
yugryu-mic-geu-jepum-dalg,육류 및 그 제품,닭,생,육류 및 그 제품/닭/생,154.0,18.54,6.53,3.58,0.0,"닭 부산물, 간, 생것, 닭 부산물, 간, 삶은것, 닭 부산물, 간, 구운것(팬), 닭 부산물, 모래주머니, 생것, 닭 부산물, 모래주머니, 구운것(오븐), 닭 부산물, 심장, 생것, 닭 부산물, 심장, 삶은것, 닭 부산물, 심장, 구운것(팬), 닭 부산물, 닭발, 생것, 닭 부산물, 닭발, 삶은것, 닭 부산물, 닭발, 육수, 닭 육수"
yugryu-mic-geu-jepum-dalggaseumsal,육류 및 그 제품,닭가슴살,생,육류 및 그 제품/닭가슴살/생,145.0,17.8,3.98,9.6,3.53,"닭가슴살, 조미훈제, 닭가슴살 패티"
yugryu-mic-geu-jepum-dalggaseumsal-tongjorim,육류 및 그 제품,닭가슴살 (통조림),통조림,육류 및 그 제품/닭가슴살/통조림,109.0,23.69,1.57,0.14,0.0,"닭가슴살, 통조림, 조미"
yugryu-mic-geu-jepum-dalggogi,육류 및 그 제품,닭고기,생,육류 및 그 제품/닭고기/생,180.0,19.0,10.6,0.1,,"닭고기, 살코기, 생것, 닭고기, 살코기, 삶은것, 닭고기, 구운것, 닭고기, 살코기, 튀긴것(튀김옷), 닭고기, 전체, 튀긴것, 닭고기, 가슴, 생것, 닭고기, 가슴, 삶은것, 닭고기, 가슴, 구운것(팬), 닭고기, 가슴, 튀긴것(튀김옷), 닭고기, 날개, 생것, 닭고기, 날개, 삶은것, 닭고기, 날개, 구운것(오븐), 닭고기, 날개, 튀긴것(튀김옷), 닭고기, 다리(넓적다리), 생것, 닭고기, 다리(넓적다리), 삶은것, 닭고기, 다리(넓적다리), 구운것(팬), 닭고기, 다리(넓적다리), 튀긴것(튀김옷), 닭고기, 다리(아랫다리), 생것, 닭고기, 다리(아랫다리), 삶은것, 닭고기, 다리(아랫다리), 구운것(오븐), 닭고기, 다리(아랫다리), 튀긴것(튀김옷), 닭고기, 목, 생것, 닭고기, 목, 튀긴것(튀김옷), 닭고기, 성계, 생것, 닭고기, 영계, 삶은것, 닭고기, 오골계, 생것, 닭고기, 토종, 생것, 닭고기, 토종, 살코기, 닭고기, 토종, 껍질, 닭고기, 토종, 가슴, 닭고기, 토종, 날개, 닭고기, 토종, 다리"
yugryu-mic-geu-jepum-dalgggoci,육류 및 그 제품,닭꼬치,생,육류 및 그 제품/닭꼬치/생,252.0,16.5,12.2,19.1,,닭꼬치
yugryu-mic-geu-jepum-dalgbbyeo,육류 및 그 제품,닭뼈,생,육류 및 그 제품/닭뼈/생,7.0,0.9,0.4,,,닭뼈 육수
yugryu-mic-geu-jepum-dwaeji,육류 및 그 제품,돼지,생,육류 및 그 제품/돼지/생,112.0,17.3,4.1,0.0,,"돼지 부산물, 간, 생것, 돼지 부산물, 간, 삶은것, 돼지 부산물, 대장, 생것, 돼지 부산물, 대장, 삶은것, 돼지 부산물, 맹장, 생것, 돼지 부산물, 머리고기, 삶은것, 돼지 부산물, 비장, 생것, 돼지 부산물, 소창(곱창), 생것, 돼지 부산물, 소창(곱창), 삶은것, 돼지 부산물, 신장, 생것, 돼지 부산물, 신장, 삶은것, 돼지 부산물, 심장(염통), 생것, 돼지 부산물, 심장(염통), 삶은것, 돼지 부산물, 위(오소리감투), 생것, 돼지 부산물, 위(오소리감투), 삶은것, 돼지 부산물, 자궁, 생것, 돼지 부산물, 족발, 생것, 돼지 부산물, 족발, 삶은것, 돼지 부산물, 족발, 조미, 삶은것, 돼지 부산물, 직장, 생것, 돼지 부산물, 췌장, 생것, 돼지 부산물, 허파, 생것, 돼지 부산물, 허파, 삶은것"
yugryu-mic-geu-jepum-dwaejigogi,육류 및 그 제품,돼지고기,생,육류 및 그 제품/돼지고기/생,161.0,20.56,7.92,0.0,0.0,"돼지고기, 살코기, 생것, 돼지고기, 갈비, 생것, 돼지고기, 갈비, 삶은것, 돼지고기, 갈비, 구운것(팬), 돼지고기, 뒷다리, 생것, 돼지고기, 뒷다리, 삶은것, 돼지고기, 뒷다리, 구운것(팬), 돼지고기, 뒷다리(도가니살), 생것, 돼지고기, 뒷다리(뒷사태살), 생것, 돼지고기, 뒷다리(보섭살), 생것, 돼지고기, 뒷다리(볼기살), 생것, 돼지고기, 뒷다리(설깃살), 생것, 돼지고기, 뒷다리(홍두깨살), 생것, 돼지고기, 등심, 생것, 돼지고기, 등심, 삶은것, 돼지고기, 등심, 구운것(팬), 돼지고기, 등심(등심살), 생것, 돼지고기, 등심(등심덧살), 생것, 돼지고기, 등심(알등심살), 생것, 돼지고기, 목심, 생것, 돼지고기, 목심, 삶은것, 돼지고기, 목심, 구운것(팬), 돼지고기, 사태, 생것, 돼지고기, 사태, 삶은것, 돼지고기, 사태, 구운것(팬), 돼지고기, 삼겹살, 생것, 돼지고기, 삼겹살, 삶은것, 돼지고기, 삼겹살, 구운것(팬), 돼지고기, 삼겹살(갈매기살), 생것, 돼지고기, 삼겹살(등갈비), 생것, 돼지고기, 삼겹살(삼겹살), 생것, 돼지고기, 삼겹살(오돌삼겹), 생것, 돼지고기, 삼겹살(토시살), 생것, 돼지고기, 안심, 생것, 돼지고기, 안심, 삶은것, 돼지고기, 안심, 구운것(팬), 돼지고기, 앞다리, 생것, 돼지고기, 앞다리(꾸리살), 생것, 돼지고기, 앞다리(부채살), 생것, 돼지고기, 앞다리(앞다리살), 생것, 돼지고기, 앞다리(앞사태살), 생것, 돼지고기, 앞다리(주걱살), 생것, 돼지고기, 앞다리(항정살), 생것, 돼지고기, 앞다리, 수육용, 생것, 돼지고기, 앞다리"
yugryu-mic-geu-jepum-dwaejibulgogi,육류 및 그 제품,돼지불고기,생,육류 및 그 제품/돼지불고기/생,128.0,14.1,6.9,2.4,,"돼지불고기, 생것"
yugryu-mic-geu-jepum-malgogi,육류 및 그 제품,말고기,생,육류 및 그 제품/말고기/생,102.0,20.1,2.5,0.3,,"말고기, 살코기, 생것"
yugryu-mic-geu-jepum-mecurigogi,육류 및 그 제품,메추리고기,생,육류 및 그 제품/메추리고기/생,194.0,20.5,12.9,0.1,,"메추리고기, 생것"
yugryu-mic-geu-jepum-mesdwaejigogi,육류 및 그 제품,멧돼지고기,생,육류 및 그 제품/멧돼지고기/생,249.0,18.8,19.8,0.5,,"멧돼지고기, 생것, 멧돼지고기, 앞다리, 생것"
yugryu-mic-geu-jepum-beikeon,육류 및 그 제품,베이컨,생,육류 및 그 제품/베이컨/생,260.0,21.24,17.87,3.58,0.31,"베이컨, 베이컨, 데친것, 베이컨, 구운것(팬)"
yugryu-mic-geu-jepum-so,육류 및 그 제품,소,생,육류 및 그 제품/소/생,112.0,17.72,3.94,0.14,0.0,"소 부산물, 간, 생것, 소 부산물, 간, 삶은것, 소 부산물, 간, 구운것(팬), 소 부산물, 골, 생것, 소 부산물, 꼬리, 생것, 소 부산물, 선지(피), 생것, 소 부산물, 소장(곱창), 생것, 소 부산물, 신장, 생것, 소 부산물, 신장, 삶은것, 소 부산물, 심장, 생것, 소 부산물, 심장, 삶은것, 소 부산물, 양(위), 생것, 소 부산물, 양(위), 삶은것, 소 부산물, 천엽, 생것, 소 부산물, 허파, 생것, 소 부산물, 허파, 삶은것, 소 부산물, 혀, 생것"
yugryu-mic-geu-jepum-sogogi,육류 및 그 제품,소고기,생,육류 및 그 제품/소고기/생,217.0,20.12,13.96,0.0,0.0,"소고기, 수입산, 갈비, 구운것(오븐), 소고기, 수입산, 목심(목심살), 생것, 소고기, 수입산, 목심(목심살), 삶은것, 소고기, 수입산, 사태, 끓인것, 소고기, 수입산, 설도, 구운것(석쇠), 소고기, 수입산, 안심(안심살), 구운것, 소고기, 한우, 갈비, 생것, 소고기, 한우, 등심, 생것, 소고기, 한우, 등심, 삶은것, 소고기, 한우, 등심, 구운것(팬), 소고기, 한우, 양지, 생것, 소고기, 한우, 양지, 삶은것, 소고기, 한우, 양지, 구운것(팬), 소고기, 한우, 채끝, 생것, 소고기, 한우(1++등급), 살코기, 생것, 소고기, 한우(1++등급), 갈비, 생것, 소고기, 한우(1++등급), 갈비(꽃갈비), 생것, 소고기, 한우(1++등급), 갈비(본갈비), 생것, 소고기, 한우(1++등급), 갈비(안창살), 생것, 소고기, 한우(1++등급), 갈비(제비추리), 생것, 소고기, 한우(1++등급), 갈비(참갈비), 생것, 소고기, 한우(1++등급), 갈비(토시살), 생것, 소고기, 한우(1++등급), 등심, 생것, 소고기, 한우(1++등급), 등심(꽃등심살), 생것, 소고기, 한우(1++등급), 등심(살치살), 생것, 소고기, 한우(1++등급), 등심(아래등심살), 생것, 소고기, 한우(1++등급), 등심(윗등심살), 생것, 소고기, 한우(1++등급), 목심, 생것, 소고기, 한우(1++등급), 사태, 생것, 소고기, 한우(1++등급), 사태(뒷사태), 생것, 소고기, 한우(1++등급), 사태(뭉치사태), 생것, 소고기, 한우(1++등급), 사태(상박살), 생것, 소고기, 한우(1++등급)"
yugryu-mic-geu-jepum-sobulgogi,육류 및 그 제품,소불고기,생,육류 및 그 제품/소불고기/생,186.0,10.33,13.1,6.73,3.34,"소불고기, 볶은것"
yugryu-mic-geu-jepum-sosiji,육류 및 그 제품,소시지,생,육류 및 그 제품/소시지/생,242.0,12.5,21.0,2.9,1.1,"소시지, 말린것, 소시지, 리용소시지, 소시지, 볼로냐소시지, 소시지, 위너(비엔나)소시지, 소시지, 이탈리안소시지, 소시지, 프랑크푸르트소시지"
yugryu-mic-geu-jepum-songaji,육류 및 그 제품,송아지,생,육류 및 그 제품/송아지/생,110.0,17.18,3.98,0.08,,"송아지 부산물, 수입산, 간, 생것, 송아지 부산물, 수입산, 간, 삶은것, 송아지 부산물, 수입산, 골, 생것, 송아지 부산물, 수입산, 골, 삶은것, 송아지 부산물, 수입산, 신장, 생것, 송아지 부산물, 수입산, 신장, 삶은것, 송아지 부산물, 수입산, 심장, 생것, 송아지 부산물, 수입산, 심장, 삶은것, 송아지 부산물, 수입산, 허파, 생것, 송아지 부산물, 수입산, 허파, 삶은것, 송아지 부산물, 수입산, 혀, 생것, 송아지 부산물, 수입산, 혀, 삶은것"
yugryu-mic-geu-jepum-songajigogi,육류 및 그 제품,송아지고기,생,육류 및 그 제품/송아지고기/생,202.0,25.14,10.45,0.0,0.0,"송아지고기, 수입산, 갈비, 생것, 송아지고기, 수입산, 갈비, 삶은것, 송아지고기, 수입산, 갈비, 구운것, 송아지고기, 수입산, 등심, 생것, 송아지고기, 수입산, 등심, 삶은것, 송아지고기, 수입산, 등심, 구운것, 송아지고기, 수입산, 살코기, 생것, 송아지고기, 수입산, 살코기, 삶은것, 송아지고기, 수입산, 어깨, 생것, 송아지고기, 수입산, 어깨, 삶은것, 송아지고기, 수입산, 어깨, 구운것, 송아지고기, 수입산, 채끝(채끝살), 생것, 송아지고기, 수입산, 채끝(채끝살), 삶은것, 송아지고기, 수입산, 채끝(채끝살), 구운것(오븐)"
yugryu-mic-geu-jepum-sundae,육류 및 그 제품,순대,생,육류 및 그 제품/순대/생,150.0,9.22,7.37,11.65,2.36,"순대, 선지 비율 낮은것, 순대, 선지 비율 높은것"
yugryu-mic-geu-jepum-yanggogi,육류 및 그 제품,양고기,생,육류 및 그 제품/양고기/생,205.0,18.8,15.3,0.1,,"양고기, 수입산, 다리, 생것"
yugryu-mic-geu-jepum-yangjigugmul,육류 및 그 제품,양지국물,생,육류 및 그 제품/양지국물/생,4.0,1.0,0.0,0.0,,양지국물
yugryu-mic-geu-jepum-eorinyang,육류 및 그 제품,어린양,생,육류 및 그 제품/어린양/생,220.0,30.57,8.81,2.53,,"어린양 부산물, 수입산, 간, 생것, 어린양 부산물, 수입산, 간, 삶은것"
yugryu-mic-geu-jepum-eorinyanggogi,육류 및 그 제품,어린양고기,생,육류 및 그 제품/어린양고기/생,276.0,22.51,19.97,0.0,0.0,"어린양고기, 수입산, 갈비, 생것, 어린양고기, 수입산, 갈비, 구운것(오븐), 어린양고기, 수입산, 다리, 생것, 어린양고기, 수입산, 다리, 구운것(오븐), 어린양고기, 수입산, 살코기, 생것, 어린양고기, 수입산, 어깨, 생것, 어린양고기, 수입산, 어깨, 삶은것, 어린양고기, 수입산, 어깨, 구운것(오븐)"
yugryu-mic-geu-jepum-yeomsogogi,육류 및 그 제품,염소고기,생,육류 및 그 제품/염소고기/생,181.0,19.88,10.31,0.0,0.0,"염소고기, 생것, 염소고기, 삶은것, 염소고기, 수입산, 생것"
yugryu-mic-geu-jepum-origogi,육류 및 그 제품,오리고기,생,육류 및 그 제품/오리고기/생,277.0,28.74,16.58,0.0,0.0,"오리고기, 살코기, 생것, 오리고기, 생것, 껍질 포함, 오리고기, 삶은것, 껍질 포함, 오리고기, 구운것(팬), 껍질 포함, 오리고기, 조미훈제, 오리고기, 조미훈제, 구운것(팬)"
yugryu-mic-geu-jepum-ujoggugmul,육류 및 그 제품,우족국물,생,육류 및 그 제품/우족국물/생,2.0,0.3,0.1,0.0,,"우족국물, 중량3배물"
yugryu-mic-geu-jepum-jaragogi,육류 및 그 제품,자라고기,생,육류 및 그 제품/자라고기/생,175.0,16.4,13.4,0.5,,"자라고기, 수입산, 생것"
yugryu-mic-geu-jepum-jabbbyeogugmul,육류 및 그 제품,잡뼈국물,생,육류 및 그 제품/잡뼈국물/생,28.0,4.3,1.0,0.0,,잡뼈국물
yugryu-mic-geu-jepum-cikinneoges,육류 및 그 제품,치킨너겟,생,육류 및 그 제품/치킨너겟/생,332.0,15.3,22.7,16.63,1.12,"치킨너겟, 냉동, 치킨너겟, 냉동, 튀긴것"
yugryu-mic-geu-jepum-cilmyeonjogogi,육류 및 그 제품,칠면조고기,생,육류 및 그 제품/칠면조고기/생,144.0,21.64,5.64,0.13,0.07,"칠면조고기, 생것, 칠면조고기, 구운것"
yugryu-mic-geu-jepum-toggigogi,육류 및 그 제품,토끼고기,생,육류 및 그 제품/토끼고기/생,161.0,20.97,7.68,0.0,0.62,"토끼고기, 집토끼, 생것, 토끼고기, 집토끼, 끓인것, 토끼고기, 살코기, 생것, 토끼고기, 살코기, 삶은것"
yugryu-mic-geu-jepum-pokeukeoteulris,육류 및 그 제품,포크커틀릿,생,육류 및 그 제품/포크커틀릿/생,365.0,16.6,23.7,21.2,,"포크커틀릿, 냉동, 포크커틀릿, 냉동, 튀긴것(빵가루)"
yugryu-mic-geu-jepum-haem,육류 및 그 제품,햄,생,육류 및 그 제품/햄/생,203.0,17.26,13.14,3.94,1.54,"햄, 등심햄, 햄, 슬라이스햄, 햄, 슬라이스햄, 데친것, 햄, 슬라이스햄, 구운것(팬), 햄, 프레스햄, 햄, 프레스햄, 데친것, 햄, 프레스햄, 구운것(팬)"
yugryu-mic-geu-jepum-haem-tongjorim,육류 및 그 제품,햄 (통조림),통조림,육류 및 그 제품/햄/통조림,303.0,14.66,26.49,1.48,1.17,"햄, 통조림, 돼지고기와 닭고기 함유, 햄, 통조림, 돼지고기와 닭고기 함유, 데친것, 햄, 통조림, 돼지고기와 닭고기 함유, 구운것(팬), 햄, 통조림, 돼지고기 함유, 햄, 통조림, 돼지고기 함유, 구운것(오븐), 햄, 통조림, 돼지고기 함유, 구운것(팬)"
eumryoryu-remoneideu,음료류,레모네이드,생,음료류/레모네이드/생,38.0,0.0,0.0,9.56,8.71,레모네이드
eumryoryu-maesil,음료류,매실,생,음료류/매실/생,44.0,0.06,0.01,11.02,9.85,매실 음료
eumryoryu-saengsu,음료류,생수,생,음료류/생수/생,0.0,0.0,0.0,0.0,0.0,생수
eumryoryu-syeikeu,음료류,셰이크,생,음료류/셰이크/생,113.0,3.4,2.8,18.9,,"셰이크, 딸기맛, 셰이크, 바닐라맛, 셰이크, 초콜릿맛"
eumryoryu-sujeonggwa,음료류,수정과,생,음료류/수정과/생,33.0,0.04,0.04,8.04,8.04,"수정과, 캔"
eumryoryu-sigco,음료류,식초,생,음료류/식초/생,93.0,0.2,0.08,22.82,21.95,"식초 음료, 석류, 식초 음료, 흑초"
eumryoryu-sighye,음료류,식혜,생,음료류/식혜/생,32.0,0.06,0.0,7.91,5.94,"식혜, 캔"
eumryoryu-ssal,음료류,쌀,생,음료류/쌀/생,55.0,0.14,0.9,11.52,5.74,쌀 음료
eumryoryu-ion,음료류,이온,생,음료류/이온/생,37.0,0.0,0.0,9.16,5.62,"이온 음료, 레몬향"
eumryoryu-jeojsan,음료류,젖산,생,음료류/젖산/생,36.0,0.21,0.01,8.85,7.32,"젖산 음료, 복숭아맛"
eumryoryu-caeso,음료류,채소,생,음료류/채소/생,39.0,0.86,0.05,8.66,7.13,"채소 주스, 채소 주스, 녹즙"
eumryoryu-tansan,음료류,탄산,생,음료류/탄산/생,40.0,0.0,0.0,9.98,8.81,"탄산 음료, 레몬소다, 탄산 음료, 보리소다, 탄산 음료, 비타민 함유, 탄산 음료, 사이다, 탄산 음료, 소다수, 탄산 음료, 오렌지소다, 탄산 음료, 요구르트소다, 탄산 음료, 저칼로리콜라, 탄산 음료, 진저에일, 탄산 음료, 카페인 함유, 탄산 음료, 콜라, 탄산 음료, 파인애플소다, 탄산 음료, 포도소다"
eumryoryu-tonigweoteo,음료류,토닉워터,생,음료류/토닉워터/생,34.0,0.0,0.0,8.8,8.8,토닉워터
eumryoryu-honhab,음료류,혼합,생,음료류/혼합/생,42.0,0.01,0.0,10.47,9.83,"혼합 음료, 꿀 함유, 혼합 음료, 비타민C 함유, 혼합 음료, 타우린 함유"
jorigagongsigpumryu-gimmalitwigim,조리가공식품류,김말이튀김,생,조리가공식품류/김말이튀김/생,168.0,1.89,4.54,29.95,1.81,"김말이튀김, 냉동, 김말이튀김, 냉동, 튀긴것"
jorigagongsigpumryu-naengmyeon,조리가공식품류,냉면,생,조리가공식품류/냉면/생,174.0,0.83,0.05,42.63,30.94,"냉면 육수, 농축, 냉면 육수"
jorigagongsigpumryu-donjeonya-donggeurangddaeng,조리가공식품류,돈저냐(동그랑땡),생,조리가공식품류/돈저냐(동그랑땡)/생,228.0,10.66,18.23,5.29,2.17,"돈저냐(동그랑땡), 냉동, 돈저냐(동그랑땡), 냉동, 구운것(팬)"
jorigagongsigpumryu-ramyeon,조리가공식품류,라면,생,조리가공식품류/라면/생,189.0,3.38,5.67,31.01,1.81,"라면, 조리전, 라면, 조리후, 라면, 국물, 조리후, 라면, 면, 조리후, 라면, 비빔라면, 조리후, 라면, 짜장라면, 조리전, 라면, 짜장라면, 조리후, 라면, 용기라면, 조리전, 라면, 용기라면, 조리후, 라면, 용기라면, 국물, 조리후, 라면, 용기라면, 면, 조리후, 라면, 용기라면, 볶음라면, 조리전, 라면, 용기라면, 볶음라면, 조리후"
jorigagongsigpumryu-mandu,조리가공식품류,만두,생,조리가공식품류/만두/생,194.0,7.95,7.925=,22.685=,2.205,"만두, 고기 만두, 냉동, 만두, 고기 만두, 만두, 군만두, 만두, 김치 만두, 냉동, 만두, 김치 만두, 만두, 물만두"
jorigagongsigpumryu-miteubol,조리가공식품류,미트볼,생,조리가공식품류/미트볼/생,199.0,,,,,"미트볼, 냉동"
jorigagongsigpumryu-boggeumbab,조리가공식품류,볶음밥,생,조리가공식품류/볶음밥/생,165.0,3.84,3.35,29.98,1.78,"볶음밥, 새우 볶음밥"
jorigagongsigpumryu-sagolgug,조리가공식품류,사골국,생,조리가공식품류/사골국/생,12.0,1.76,0.38,0.35,0.0,"사골국, 인스턴트"
jorigagongsigpumryu-saendeuwici,조리가공식품류,샌드위치,생,조리가공식품류/샌드위치/생,244.0,15.17,10.3,22.21,3.84,"샌드위치, 닭고기, 샌드위치, 생선, 샌드위치, 소고기, 샌드위치, 햄, 치즈, 채소"
jorigagongsigpumryu-seutyu,조리가공식품류,스튜,생,조리가공식품류/스튜/생,153.0,,,,,"스튜, 레토르트"
jorigagongsigpumryu-seupageti,조리가공식품류,스파게티,생,조리가공식품류/스파게티/생,90.0,5.05,1.01,15.24,2.6,"스파게티, 미트소스 스파게티, 냉동"
jorigagongsigpumryu-seupeu-garu,조리가공식품류,스프 (가루),가루,조리가공식품류/스프/가루,46.0,0.83,1.48,7.33,2.64,"스프, 소고기 스프, 가루, 스프, 소고기 스프, 가루, 끓인것, 스프, 양송이 스프, 가루, 스프, 양송이 스프, 가루, 끓인것, 스프, 옥수수 스프, 가루, 스프, 옥수수 스프, 가루, 끓인것, 스프, 크림 스프, 가루, 스프, 크림 스프, 가루, 끓인것"
jorigagongsigpumryu-yeonipbab,조리가공식품류,연잎밥,생,조리가공식품류/연잎밥/생,207.0,4.0,0.3,47.0,,연잎밥
jorigagongsigpumryu-cobab,조리가공식품류,초밥,생,조리가공식품류/초밥/생,165.0,4.32,2.51,31.26,2.11,"초밥, 유부 초밥"
jorigagongsigpumryu-cijeuseutig,조리가공식품류,치즈스틱,생,조리가공식품류/치즈스틱/생,329.0,16.0,18.78,24.0,2.08,"치즈스틱, 냉동, 치즈스틱, 냉동, 튀긴것"
jorigagongsigpumryu-keurokes,조리가공식품류,크로켓,생,조리가공식품류/크로켓/생,157.0,4.6,4.9,25.3,,"크로켓, 감자 크로켓, 냉동, 크로켓, 채소 크로켓, 냉동, 크로켓, 크림 크로켓, 냉동"
jorigagongsigpumryu-pija,조리가공식품류,피자,생,조리가공식품류/피자/생,269.0,13.46,9.79,31.84,4.25,"피자, 불고기 피자, 냉동, 전자레인지 조리, 피자, 콤비네이션 피자, 냉동, 전자레인지 조리"
jorigagongsigpumryu-hasdogeu,조리가공식품류,핫도그,생,조리가공식품류/핫도그/생,267.0,8.09,10.55,34.97,7.02,"핫도그, 냉동"
jorigagongsigpumryu-haembeogeo,조리가공식품류,햄버거,생,조리가공식품류/햄버거/생,229.0,9.55,13.23,18.01,4.78,"햄버거, 소고기패티, 햄버거, 소고기패티, 토마토, 양상추, 양파"
jomiryoryu-ganjang,조미료류,간장,생,조미료류/간장/생,54.0,7.41,0.19,5.59,2.78,"간장, 개량, 양조, 간장, 개량, 산분해, 간장, 재래, 간장, 절임소스"
jomiryoryu-ganghwang-garu,조미료류,강황 (가루),가루,조미료류/강황/가루,331.0,6.66,3.21,74.34,3.3,"강황, 가루"
jomiryoryu-gyeoja,조미료류,겨자,생,조미료류/겨자/생,296.0,8.01,12.7,37.36,19.5,겨자 페이스트
jomiryoryu-gyepi-garu,조미료류,계피 (가루),가루,조미료류/계피/가루,349.0,3.63,1.15,80.93,1.93,"계피, 가루"
jomiryoryu-gogi-tongjorim,조미료류,고기 (통조림),통조림,조미료류/고기/통조림,96.0,3.8,5.0,10.1,,"고기 소스, 통조림"
jomiryoryu-goldeunseiji,조미료류,골든세이지,생,조미료류/골든세이지/생,385.0,1.6,9.3,73.6,,"골든세이지, 말린것"
jomiryoryu-gul,조미료류,굴,생,조미료류/굴/생,117.0,2.07,0.05,27.14,20.64,굴 소스
jomiryoryu-nasto,조미료류,낫토,생,조미료류/낫토/생,181.0,17.24,8.47,9.95,0.44,낫토
jomiryoryu-deriyaggi,조미료류,데리야끼,생,조미료류/데리야끼/생,152.0,1.82,0.1,36.07,26.34,데리야끼 소스
jomiryoryu-dwaejibulgogi,조미료류,돼지불고기,생,조미료류/돼지불고기/생,180.0,3.03,0.7,40.39,36.22,돼지불고기 양념
jomiryoryu-doenjang,조미료류,된장,생,조미료류/된장/생,173.0,12.5,5.59,18.5,5.4,"된장, 개량, 된장, 개량, 찌개용, 된장, 보리, 된장, 재래"
jomiryoryu-dubanjang,조미료류,두반장,생,조미료류/두반장/생,94.0,3.04,2.41,15.05,7.63,두반장
jomiryoryu-ramyeon,조미료류,라면,생,조미료류/라면/생,350.0,13.28,5.68,61.41,21.71,"라면 건더기 스프, 라면 건더기 스프, 용기라면, 라면 건더기 스프, 짜장라면, 라면 스프, 라면 스프, 용기라면, 라면 스프, 짜장라면, 라면 스프, 짜장라면, 조미유"
jomiryoryu-maneul-garu,조미료류,마늘 (가루),가루,조미료류/마늘/가루,349.0,18.62,0.98,66.44,2.87,"마늘, 가루"
jomiryoryu-mara,조미료류,마라,생,조미료류/마라/생,415.0,5.15,39.24,10.4,3.23,"마라 육수, 농축, 마라 육수"
jomiryoryu-mayonejeu,조미료류,마요네즈,생,조미료류/마요네즈/생,682.0,0.95,72.56,6.39,1.55,"마요네즈, 마요네즈, 저칼로리"
jomiryoryu-massul,조미료류,맛술,생,조미료류/맛술/생,146.0,0.3,0.3,35.5,,맛술
jomiryoryu-meoseutadeu,조미료류,머스타드,생,조미료류/머스타드/생,69.0,4.1,3.0,6.39,0.73,"머스타드 소스, 머스타드 소스, 씨겨자"
jomiryoryu-miso,조미료류,미소,생,조미료류/미소/생,187.0,11.71,6.03,21.84,5.55,미소
jomiryoryu-babikyu,조미료류,바비큐,생,조미료류/바비큐/생,143.0,1.38,0.54,33.08,25.97,바비큐 소스
jomiryoryu-balsamig,조미료류,발사믹,생,조미료류/발사믹/생,182.0,0.67,0.02,44.86,37.03,발사믹 소스
jomiryoryu-saelreodeu,조미료류,샐러드,생,조미료류/샐러드/생,287.0,1.0,23.23,18.44,10.79,"샐러드 드레싱, 사우전드아일랜드, 샐러드 드레싱, 오리엔탈, 샐러드 드레싱, 이탈리안, 샐러드 드레싱, 코울슬로, 샐러드 드레싱, 프렌치"
jomiryoryu-saenggang,조미료류,생강,생,조미료류/생강/생,41.0,0.7,0.6,8.6,,생강 페이스트
jomiryoryu-saenggang-garu,조미료류,생강 (가루),가루,조미료류/생강/가루,367.0,12.55,3.29,71.74,2.27,"생강, 가루"
jomiryoryu-sogeum,조미료류,소금,생,조미료류/소금/생,16.0,0.0,0.0,4.0,0.0,"소금, 가공염, 맛소금, 소금, 가공염, 죽염, 소금, 가공염, 퉁퉁마디(함초), 소금, 정제염, 소금, 천일염, 소금, 천일염, 가는소금, 소금, 천일염, 굵은소금, 소금, 구운소금, 소금, 천일염, 소금꽃, 소금, 천일염, 토판염, 소금, 프랑스, 소금꽃, 소금, 프랑스, 토판염"
jomiryoryu-sobulgogi,조미료류,소불고기,생,조미료류/소불고기/생,181.0,2.17,0.01,42.98,28.19,소불고기 양념
jomiryoryu-suggi,조미료류,수끼,생,조미료류/수끼/생,117.0,1.53,0.27,27.16,13.85,"수끼 소스, 수끼 소스, 된장, 수끼 소스, 토마토"
jomiryoryu-seuriraca,조미료류,스리라차,생,조미료류/스리라차/생,77.0,1.59,0.63,16.22,13.67,스리라차 소스
jomiryoryu-seupageti,조미료류,스파게티,생,조미료류/스파게티/생,188.0,2.41,17.23,5.95,1.8,"스파게티 소스, 크림, 병조림, 스파게티 소스, 토마토, 병조림"
jomiryoryu-sigco,조미료류,식초,생,조미료류/식초/생,22.0,0.11,0.0,5.45,3.0,"식초, 감식초, 식초, 발사믹, 식초, 배식초, 식초, 사과식초, 식초, 쌀식초, 식초, 양조, 식초, 포도식초, 식초, 현미식초"
jomiryoryu-ssamjang,조미료류,쌈장,생,조미료류/쌈장/생,240.0,9.88,4.81,39.18,21.08,쌈장
jomiryoryu-yangnyeomdalg,조미료류,양념닭,생,조미료류/양념닭/생,200.0,1.26,0.24,48.27,25.42,양념닭 소스
jomiryoryu-yangpa-garu,조미료류,양파 (가루),가루,조미료류/양파/가루,354.0,8.47,0.8,78.16,36.4,"양파, 가루"
jomiryoryu-yangpasijeuning,조미료류,양파시즈닝,생,조미료류/양파시즈닝/생,372.0,7.98,7.8,67.59,37.19,양파시즈닝
jomiryoryu-olseupaiseu-garu,조미료류,올스파이스 (가루),가루,조미료류/올스파이스/가루,364.0,5.6,5.6,75.2,,"올스파이스, 가루"
jomiryoryu-udong,조미료류,우동,생,조미료류/우동/생,514.0,9.32,28.57,55.03,5.27,"우동 건더기 스프, 우동 건더기 스프, 삶은것"
jomiryoryu-useuteo,조미료류,우스터,생,조미료류/우스터/생,62.0,0.47,0.06,14.91,14.89,우스터 소스
jomiryoryu-ulgeum-garu,조미료류,울금 (가루),가루,조미료류/울금/가루,328.0,7.77,3.02,73.15,3.68,"울금, 가루"
jomiryoryu-yugdugu-garu,조미료류,육두구 (가루),가루,조미료류/육두구/가루,520.0,5.7,38.5,47.5,,"육두구, 가루"
jomiryoryu-jeonghyang-garu,조미료류,정향 (가루),가루,조미료류/정향/가루,398.0,7.2,13.6,66.4,,"정향, 가루"
jomiryoryu-jomiryo,조미료류,조미료,생,조미료류/조미료/생,66.0,6.78,0.07,9.6,0.0,"조미료, 액상"
jomiryoryu-jomiryo-garu,조미료류,조미료 (가루),가루,조미료류/조미료/가루,211.0,14.12,2.81,32.37,4.51,"조미료, 멸치맛, 가루, 조미료, 사골맛, 가루, 조미료, 쇠고기맛, 가루, 조미료, 조개맛, 가루, 조미료, 화학조미료, 가루"
jomiryoryu-jjajang,조미료류,짜장,생,조미료류/짜장/생,93.0,2.42,3.22,13.5,0.0,"짜장 소스, 레토르트, 짜장 소스, 춘장"
jomiryoryu-jjajang-garu,조미료류,짜장 (가루),가루,조미료류/짜장/가루,351.0,10.51,4.33,67.42,10.23,"짜장 소스, 가루"
jomiryoryu-ceonggugjang,조미료류,청국장,생,조미료류/청국장/생,217.0,20.79,9.61,12.8,1.86,"청국장, 청국장, 찌개용"
jomiryoryu-ceonggugjang-garu,조미료류,청국장 (가루),가루,조미료류/청국장/가루,459.0,41.83,21.61,26.81,0.66,"청국장, 가루"
jomiryoryu-cijeusijeuning,조미료류,치즈시즈닝,생,조미료류/치즈시즈닝/생,386.0,9.5,13.6,56.31,40.73,치즈시즈닝
jomiryoryu-cikin,조미료류,치킨,생,조미료류/치킨/생,108.0,7.05,0.72,17.3,6.4,"치킨 스톡, 액상"
jomiryoryu-cikin-garu,조미료류,치킨 (가루),가루,조미료류/치킨/가루,195.0,11.36,2.13,30.81,10.57,"치킨 스톡, 가루"
jomiryoryu-cilri,조미료류,칠리,생,조미료류/칠리/생,112.0,1.8,0.1,26.3,,"칠리 소스, 칠리 소스, 단맛"
jomiryoryu-cilri-garu,조미료류,칠리 (가루),가루,조미료류/칠리/가루,374.0,15.0,8.2,60.1,,"칠리, 가루"
jomiryoryu-kare,조미료류,카레,생,조미료류/카레/생,72.0,2.47,1.89,11.39,7.41,"카레 소스, 레토르트"
jomiryoryu-kare-garu,조미료류,카레 (가루),가루,조미료류/카레/가루,425.0,8.38,18.69,55.76,6.66,"카레 소스, 가루"
jomiryoryu-taim-garu,조미료류,타임 (가루),가루,조미료류/타임/가루,342.0,6.5,5.2,69.8,,"타임, 가루"
jomiryoryu-tangsuyug,조미료류,탕수육,생,조미료류/탕수육/생,130.0,0.37,0.16,31.73,23.18,탕수육 소스
jomiryoryu-tempe,조미료류,템페,생,조미료류/템페/생,192.0,20.29,10.8,7.64,,템페
jomiryoryu-tomato,조미료류,토마토,생,조미료류/토마토/생,125.0,1.8,0.12,29.2,20.76,"토마토 소스, 토마토 케첩"
jomiryoryu-papeurika-garu,조미료류,파프리카 (가루),가루,조미료류/파프리카/가루,385.0,15.5,11.6,55.6,,"파프리카, 가루"
jomiryoryu-pastai,조미료류,팟타이,생,조미료류/팟타이/생,87.0,0.91,0.39,20.03,16.27,팟타이 소스
jomiryoryu-pokeukeoteulris,조미료류,포크커틀릿,생,조미료류/포크커틀릿/생,133.0,0.6,0.02,32.54,22.31,포크커틀릿 소스
jomiryoryu-hairaiseu-garu,조미료류,하이라이스 (가루),가루,조미료류/하이라이스/가루,379.0,7.61,10.22,64.19,21.73,"하이라이스, 가루"
jomiryoryu-has,조미료류,핫,생,조미료류/핫/생,47.0,1.44,0.63,8.8,5.72,핫 소스
jomiryoryu-haeseonjang,조미료류,해선장,생,조미료류/해선장/생,230.0,1.65,3.26,48.42,44.03,해선장
jomiryoryu-heonimeoseutadeu,조미료류,허니머스타드,생,조미료류/허니머스타드/생,338.0,1.24,25.15,26.55,21.03,허니머스타드 소스
jomiryoryu-hucu-garu,조미료류,후추 (가루),가루,조미료류/후추/가루,376.0,10.1,6.4,70.1,,"후추, 검은색, 가루, 후추, 흰색, 가루"
juryu-balhyoju,주류,발효주,생,주류/발효주/생,45.0,0.4,,3.6,,"발효주, 과실주, 매실주, 발효주, 과실주, 복분자주, 알코올 15%, 발효주, 과실주, 샴페인, 알코올 6%, 발효주, 과실주, 포도주, 백포도주, 무스카데, 발효주, 과실주, 포도주, 백포도주, 샤르도네, 발효주, 과실주, 포도주, 백포도주, 쇼비뇽블랑, 발효주, 과실주, 포도주, 적포도주, 알코올 13%, 발효주, 맥주, 알코올 4.5%, 발효주, 맥주, 쌀, 알코올 4.5%, 발효주, 맥주, 흑맥주, 알코올 4.2%, 발효주, 약주, 전통주, 알코올 15%, 발효주, 청주, 알코올 16%, 발효주, 탁주, 막걸리, 알코올 6%, 발효주, 탁주, 막걸리, 전통주, 알코올 10%, 발효주, 탁주, 막걸리, 전통주, 호상, 알코올 8.5%"
caryu-gyeolmyeongjaca,차류,결명자차,생,차류/결명자차/생,390.0,19.07,6.57,63.78,2.77,"결명자차, 말린것, 결명자차"
caryu-gyepica-garu,차류,계피차 (가루),가루,차류/계피차/가루,357.0,0.0,1.4,89.0,,"계피차, 가루"
caryu-gugijaca,차류,구기자차,생,차류/구기자차/생,384.0,14.6,10.7,57.2,,"구기자차, 말린것, 구기자차"
caryu-gujeolcoca,차류,구절초차,생,차류/구절초차/생,345.0,11.1,1.3,72.1,,"구절초차, 말린것"
caryu-gughwaca,차류,국화차,생,차류/국화차/생,358.0,14.5,2.3,69.9,,"국화차, 말린것, 국화차"
caryu-nogca,차류,녹차,생,차류/녹차/생,329.0,16.8,1.0,63.3,,"녹차, 말린것, 녹차, 인동녹차, 말린것, 녹차, 장군차, 말린것, 녹차, 녹차, 현미"
caryu-nogca-garu,차류,녹차 (가루),가루,차류/녹차/가루,379.0,22.37,2.47,66.91,,"녹차, 가루"
caryu-nogcarate-garu,차류,녹차라테 (가루),가루,차류/녹차라테/가루,466.0,5.28,17.16,72.5,28.9,"녹차라테, 가루, 녹차라테, 가루, 물에 탄것"
caryu-daecuca,차류,대추차,생,차류/대추차/생,75.0,0.12,0.44,17.75,12.4,대추차
caryu-dorajica,차류,도라지차,생,차류/도라지차/생,22.0,0.3,,5.1,,도라지차
caryu-ducungca-garu,차류,두충차 (가루),가루,차류/두충차/가루,354.0,14.3,3.8,67.9,,"두충차, 가루"
caryu-sagwaca,차류,사과차,생,차류/사과차/생,167.0,0.1,0.0,41.6,,사과차
caryu-sangjica,차류,상지차,생,차류/상지차/생,360.0,6.0,2.4,78.6,,"상지차, 말린것"
caryu-saenggangca-garu,차류,생강차 (가루),가루,차류/생강차/가루,353.0,0.1,0.2,90.7,,"생강차, 가루"
caryu-saenggangceong,차류,생강청,생,차류/생강청/생,246.0,0.1,0.65,59.9,57.61,생강청
caryu-ssanghwaca-garu,차류,쌍화차 (가루),가루,차류/쌍화차/가루,411.0,1.64,3.81,92.61,42.6,"쌍화차, 가루"
caryu-ssugca,차류,쑥차,생,차류/쑥차/생,338.0,26.3,0.8,56.4,,"쑥차, 말린것"
caryu-yakonca,차류,야콘차,생,차류/야콘차/생,98.0,0.6,0.0,24.0,,야콘차
caryu-omijaca,차류,오미자차,생,차류/오미자차/생,371.0,16.3,7.0,60.8,,"오미자차, 말린것"
caryu-yujaca,차류,유자차,생,차류/유자차/생,30.0,0.04,0.01,7.51,6.51,"유자차, 유자차, 고형물 포함"
caryu-yujaceong,차류,유자청,생,차류/유자청/생,251.0,0.39,0.1,62.03,58.81,유자청
caryu-yulmuca-garu,차류,율무차 (가루),가루,차류/율무차/가루,463.0,8.57,17.17,68.56,23.46,"율무차, 가루"
caryu-insamca-garu,차류,인삼차 (가루),가루,차류/인삼차/가루,397.0,0.89,0.78,96.52,82.5,"인삼차, 과립차, 가루, 인삼차, 과립차, 가루, 물에 탄것"
caryu-cikeorica,차류,치커리차,생,차류/치커리차/생,369.0,7.3,0.2,84.6,,"치커리차, 말린것"
caryu-kaperate-garu,차류,카페라테 (가루),가루,차류/카페라테/가루,497.0,6.88,25.11,60.8,24.0,"카페라테, 가루, 인스턴트, 카페라테, 가루, 물에 탄것(중량 14.2g)"
caryu-keopi,차류,커피,생,차류/커피/생,38.0,0.81,0.12,8.34,7.06,"커피, 아메리카노(2샷), 커피, 에스프레소, 커피, 원두, 커피, 캔, 커피, 커피가루, 디카페인, 커피, 커피가루, 인스턴트, 커피, 커피가루, 물에 탄것(중량 1g), 커피, 커피가루, 설탕, 인스턴트, 커피, 커피가루, 설탕, 물에 탄것(중량 2.7g), 커피, 커피가루, 설탕, 크림, 인스턴트, 커피, 커피가루, 설탕, 크림, 물에 탄것(중량 12g)"
caryu-heosgae,차류,헛개,생,차류/헛개/생,1.0,0.0,0.0,0.26,0.05,헛개 음료
caryu-hongsam,차류,홍삼,생,차류/홍삼/생,40.0,0.28,0.24,9.27,6.32,홍삼 음료
caryu-hongsamca-garu,차류,홍삼차 (가루),가루,차류/홍삼차/가루,382.0,1.3,0.7,95.8,,"홍삼차, 가루"
caryu-hongca,차류,홍차,생,차류/홍차/생,30.0,0.0,0.0,7.59,6.27,"홍차, 홍차, 레몬, 홍차, 복숭아, 캔, 홍차, 밀크티, 캔"
caryu-hongca-garu,차류,홍차 (가루),가루,차류/홍차/가루,397.5,0.25,0.05,98.82499999999999,94.83000000000001,"홍차, 레몬, 가루, 홍차, 복숭아, 가루"
caesoryu-goguma,채소류,고구마,생,채소류/고구마/생,23.0,0.74,0.06,4.96,0.33,"고구마, 잎, 생것, 고구마, 잎, 데친것, 고구마, 줄기, 생것, 고구마, 줄기, 데친것, 고구마, 줄기, 삶은것, 고구마, 줄기, 삶아서 말린것, 삶은것, 고구마, 줄기, 껍질 포함, 생것, 고구마, 줄기, 껍질 포함, 삶은것, 고구마, 줄기, 껍질 포함, 삶아서 말린것, 고구마, 줄기, 껍질 포함, 삶아서 말린것, 삶은것"
caesoryu-gocunaengi,채소류,고추냉이,생,채소류/고추냉이/생,103.0,2.9,0.5,23.7,,"고추냉이, 뿌리, 생것, 고추냉이, 잎줄기, 생것"
caesoryu-gimci,채소류,김치,생,채소류/김치/생,37.0,1.85,0.43,6.49,2.4,"김치, 갓김치, 김치, 고들빼기, 김치, 깍두기, 김치, 나박 김치, 김치, 동치미, 김치, 배추 김치, 김치, 배추 김치, 봄 재배, 김치, 배추 김치, 여름 재배, 김치, 배추 김치, 가을 재배, 김치, 백김치, 김치, 열무 김치, 김치, 열무 물김치, 김치, 오이 소박이, 김치, 유채 김치, 김치, 유채 물김치, 김치, 총각 김치, 김치, 파 김치, 김치, 얼갈이배추 김치"
caesoryu-nalgaekong,채소류,날개콩,생,채소류/날개콩/생,36.0,1.9,0.2,6.5,,"날개콩, 미숙, 생것"
caesoryu-danggeun,채소류,당근,생,채소류/당근/생,31.0,0.97,0.13,7.01,2.39,"당근, 뿌리, 생것, 당근, 뿌리, 데친것, 당근 주스, 당근 주스, 캔"
caesoryu-deodeog,채소류,더덕,생,채소류/더덕/생,80.0,2.28,0.76,17.58,4.86,"더덕, 뿌리, 생것, 더덕, 뿌리, 구운것(팬), 더덕, 순, 생것, 더덕, 순, 데친것"
caesoryu-deodeog-garu,채소류,더덕 (가루),가루,채소류/더덕/가루,339.0,11.19,0.77,78.38,15.09,"더덕, 뿌리, 가루"
caesoryu-doraji,채소류,도라지,생,채소류/도라지/생,58.0,1.75,0.15,13.42,0.61,"도라지, 뿌리, 생것, 도라지, 뿌리, 데친것, 도라지, 뿌리, 말린것, 도라지, 순, 생것, 도라지, 순, 데친것"
caesoryu-doraji-garu,채소류,도라지 (가루),가루,채소류/도라지/가루,339.0,12.53,1.12,76.65,5.96,"도라지, 뿌리, 가루"
caesoryu-deulggae,채소류,들깨,생,채소류/들깨/생,17.0,1.7,0.1,2.5,,"들깨, 싹, 생것"
caesoryu-deulggaesipjangajji,채소류,들깻잎장아찌,생,채소류/들깻잎장아찌/생,124.0,4.03,0.42,26.0,16.41,들깻잎장아찌
caesoryu-deulggaesipjangajji-tongjorim,채소류,들깻잎장아찌 (통조림),통조림,채소류/들깻잎장아찌/통조림,76.0,4.7,1.7,10.4,,"들깻잎장아찌, 통조림"
caesoryu-maneul,채소류,마늘,생,채소류/마늘/생,131.0,7.45,0.13,26.78,0.47,"마늘, 생것, 마늘, 데친것, 마늘, 통마늘, 구운것, 마늘, 말린것, 마늘, 동결건조, 마늘, 난지형, 생것, 마늘, 난지형, 데친것, 마늘, 난지형, 통마늘, 구운것, 마늘, 난지형, 냉동, 마늘, 한지형, 생것, 마늘, 한지형, 데친것, 마늘, 한지형, 통마늘, 구운것, 마늘, 한지형, 볶은것, 마늘, 깐마늘, 수입산, 생것, 마늘, 깐마늘, 수입산, 데친것, 마늘, 다진것, 마늘 장아찌"
caesoryu-memil,채소류,메밀,생,채소류/메밀/생,24.0,1.9,1.2,1.9,,"메밀, 싹, 생것"
caesoryu-mu,채소류,무,생,채소류/무/생,21.0,0.755,0.145=,4.625,2.59=5,"무, 조선무, 생것, 무, 조선무, 삶은것"
caesoryu-mu-jeolim,채소류,무 (절임),절임,채소류/무/절임,15.0,0.54,0.03,3.1,1.46,"무 절임, 단무지, 무 절임, 쌈무, 무 절임, 치킨무"
caesoryu-mugugmul,채소류,무국물,생,채소류/무국물/생,3.0,0.16,0.0,0.55,0.36,무국물
caesoryu-mumalraengi,채소류,무말랭이,생,채소류/무말랭이/생,131.0,2.25,0.61,29.24,16.75,"무말랭이, 말린것, 무말랭이, 말린것, 불린것, 무말랭이 무침"
caesoryu-minariceong,채소류,미나리청,생,채소류/미나리청/생,120.0,0.36,0.0,33.48,28.49,미나리청
caesoryu-bag,채소류,박,생,채소류/박/생,21.0,0.5,0.1,5.2,,"박, 과육, 생것, 박, 생것, 씨 포함"
caesoryu-baegmogeun,채소류,백모근,생,채소류/백모근/생,337.0,9.0,2.0,77.0,,"백모근, 뿌리, 말린것"
caesoryu-baeghab,채소류,백합,생,채소류/백합/생,118.0,3.34,1.52,24.91,0.44,"백합, 뿌리, 생것"
caesoryu-biteu-tongjorim,채소류,비트 (통조림),통조림,채소류/비트/통조림,65.0,0.8,0.08,16.28,11.05,"비트 피클, 통조림"
caesoryu-satangmu,채소류,사탕무,생,채소류/사탕무/생,77.0,1.8,0.0,18.7,,"사탕무, 생것"
caesoryu-saenggang,채소류,생강,생,채소류/생강/생,42.0,0.97,0.15,9.82,0.45,"생강, 뿌리줄기, 생것, 생강, 뿌리줄기, 수입산, 생것, 생강, 편강, 당조림, 생강 피클"
caesoryu-seoninjang,채소류,선인장,생,채소류/선인장/생,83.0,0.97,0.19,19.35,2.53,"선인장, 보검선인장, 열매, 생것, 선인장, 보검선인장, 줄기, 생것, 선인장, 저단선인장, 열매, 생것, 선인장, 저단선인장, 줄기, 생것"
caesoryu-soegwinamul,채소류,쇠귀나물,생,채소류/쇠귀나물/생,128.5,6.25,0.1,26.9,,"쇠귀나물, 뿌리, 생것, 쇠귀나물, 뿌리, 데친것"
caesoryu-sunmu,채소류,순무,생,채소류/순무/생,27.5,1.41=,0.09,5.84,2.295,"순무, 전체, 생것, 순무, 전체, 데친것, 순무, 뿌리, 생것, 순무, 뿌리, 데친것, 순무, 잎, 생것, 순무, 잎, 데친것"
caesoryu-alroe,채소류,알로에,생,채소류/알로에/생,3.0,0.1,,0.7,,"알로에, 과육, 생것, 알로에 음료"
caesoryu-yangpa,채소류,양파,생,채소류/양파/생,31.5,0.98,0.18,7.13,4.945,"양파, 생것, 양파, 데친것, 양파, 찐것, 양파, 말린것, 양파, 적색, 생것, 양파, 적색, 데친것, 양파, 레드프라임, 생것, 양파, 썬파워, 생것, 양파, 샬롯, 생것, 양파 장아찌"
caesoryu-yangparing,채소류,양파링,생,채소류/양파링/생,258.0,3.15,14.1,30.53,,"양파링, 튀김옷, 냉동, 양파링, 튀긴것(튀김옷)"
caesoryu-yangha,채소류,양하,생,채소류/양하/생,13.0,0.6,0.1,2.8,,"양하, 생것"
caesoryu-yeongeun,채소류,연근,생,채소류/연근/생,75.0,1.63,0.07,17.28,1.81,"연근, 생것, 연근, 데친것, 연근 조림"
caesoryu-ogsusu,채소류,옥수수,생,채소류/옥수수/생,40.0,1.7,0.3,8.2,,"옥수수, 순, 생것"
caesoryu-ueong,채소류,우엉,생,채소류/우엉/생,69.0,2.61,0.06,15.29,2.87,"우엉, 생것, 우엉, 데친것, 우엉, 장조림"
caesoryu-ulgeum,채소류,울금,생,채소류/울금/생,87.0,1.8,2.56,15.77,3.83,"울금, 생것"
caesoryu-uloejangajji,채소류,울외장아찌,생,채소류/울외장아찌/생,67.0,5.1,0.3,13.1,,울외장아찌
caesoryu-jandae,채소류,잔대,생,채소류/잔대/생,55.0,3.4,0.9,9.9,,"잔대, 뿌리, 생것, 잔대, 순, 생것"
caesoryu-coseogjam,채소류,초석잠,생,채소류/초석잠/생,76.0,2.3,0.56,17.0,0.17,"초석잠, 뿌리, 생것"
caesoryu-kongnamul,채소류,콩나물,생,채소류/콩나물/생,42.5,4.49,1.275,3.31,0.425,"콩나물, 생것, 콩나물, 삶은것"
caesoryu-kongnamul-garu,채소류,콩나물 (가루),가루,채소류/콩나물/가루,409.0,45.4,11.6,31.7,,"콩나물, 가루"
caesoryu-tomato-tongjorim,채소류,토마토 (통조림),통조림,채소류/토마토/통조림,44.0,1.9,0.1,9.9,,"토마토, 통조림, 토마토, 통조림, 페이스트, 토마토, 통조림, 퓌레"
caesoryu-hobagjeub,채소류,호박즙,생,채소류/호박즙/생,21.0,0.64,0.0,4.73,3.53,호박즙
